id_territorio,nome_territorio
1,IRECÊ
2,VELHO CHICO
3,CHAPADA DIAMANTINA
4,SISAL
5,LITORAL SUL
6,BAIXO SUL
7,EXTREMO SUL
8,ITAPETINGA
9,VALE DO JIQUIRIÇÁ
10,SERTÃO DO SÃO FRANCISCO
11,BACIA DO RIO GRANDE
12,BACIA DA PARAMIRIM
13,SERTÃO PRODUTIVO
14,PIEMONTE DO PARAGUAÇU
15,BACIA DO JACUÍPE
16,PIEMONTE DA DIAMANTINA
17,SEMI-ÁRIDO NORDESTE II
18,AGRESTE DE ALAGOINHAS / LITORAL NORTE
19,PORTAL DO SERTÃO
20,VITÓRIA DA CONQUISTA
21,RECÔNCAVO
22,MÉDIO RIO DAS CONTAS
23,BACIA DO RIO CORRENTE
24,ITAPARICA
25,PIEMONTE NORTE DO ITAPICURU
26,METROPOLITANA DE SALVADOR
