ano,cod_ibge,id_tipo_crime,qtd_vitimas
2025,290010,1,24
2025,290010,2,8
2025,290010,3,2
2025,290010,4,14
2025,290010,5,9
2025,290010,6,0
2025,290010,7,0
2025,290010,8,8
2025,290010,9,0
2025,290010,10,0
2025,290010,11,0
2025,290020,1,41
2025,290020,2,23
2025,290020,3,1
2025,290020,4,27
2025,290020,5,20
2025,290020,6,0
2025,290020,7,0
2025,290020,8,3
2025,290020,9,0
2025,290020,10,0
2025,290020,11,0
2025,290030,1,32
2025,290030,2,4
2025,290030,3,0
2025,290030,4,0
2025,290030,5,13
2025,290030,6,0
2025,290030,7,0
2025,290030,8,2
2025,290030,9,0
2025,290030,10,0
2025,290030,11,0
2025,290035,1,28
2025,290035,2,10
2025,290035,3,1
2025,290035,4,23
2025,290035,5,13
2025,290035,6,0
2025,290035,7,0
2025,290035,8,6
2025,290035,9,0
2025,290035,10,0
2025,290035,11,0
2025,290040,1,28
2025,290040,2,3
2025,290040,3,0
2025,290040,4,12
2025,290040,5,5
2025,290040,6,0
2025,290040,7,0
2025,290040,8,8
2025,290040,9,0
2025,290040,10,0
2025,290040,11,0
2025,290050,1,34
2025,290050,2,12
2025,290050,3,1
2025,290050,4,5
2025,290050,5,22
2025,290050,6,0
2025,290050,7,0
2025,290050,8,1
2025,290050,9,0
2025,290050,10,0
2025,290050,11,0
2025,290060,1,9
2025,290060,2,1
2025,290060,3,0
2025,290060,4,0
2025,290060,5,5
2025,290060,6,0
2025,290060,7,2
2025,290060,8,1
2025,290060,9,0
2025,290060,10,0
2025,290060,11,0
2025,290070,1,706
2025,290070,2,149
2025,290070,3,29
2025,290070,4,238
2025,290070,5,282
2025,290070,6,3
2025,290070,7,3
2025,290070,8,41
2025,290070,9,1
2025,290070,10,1
2025,290070,11,0
2025,290080,1,177
2025,290080,2,34
2025,290080,3,5
2025,290080,4,95
2025,290080,5,89
2025,290080,6,3
2025,290080,7,2
2025,290080,8,12
2025,290080,9,4
2025,290080,10,0
2025,290080,11,0
2025,290090,1,21
2025,290090,2,3
2025,290090,3,1
2025,290090,4,12
2025,290090,5,11
2025,290090,6,0
2025,290090,7,1
2025,290090,8,5
2025,290090,9,0
2025,290090,10,0
2025,290090,11,0
2025,290100,1,217
2025,290100,2,79
2025,290100,3,7
2025,290100,4,45
2025,290100,5,90
2025,290100,6,0
2025,290100,7,0
2025,290100,8,10
2025,290100,9,0
2025,290100,10,0
2025,290100,11,0
2025,290110,1,94
2025,290110,2,23
2025,290110,3,3
2025,290110,4,8
2025,290110,5,40
2025,290110,6,0
2025,290110,7,0
2025,290110,8,4
2025,290110,9,0
2025,290110,10,0
2025,290110,11,0
2025,290115,1,39
2025,290115,2,5
2025,290115,3,1
2025,290115,4,12
2025,290115,5,24
2025,290115,6,0
2025,290115,7,0
2025,290115,8,5
2025,290115,9,0
2025,290115,10,0
2025,290115,11,0
2025,290120,1,64
2025,290120,2,32
2025,290120,3,2
2025,290120,4,33
2025,290120,5,30
2025,290120,6,0
2025,290120,7,0
2025,290120,8,3
2025,290120,9,0
2025,290120,10,0
2025,290120,11,0
2025,290130,1,86
2025,290130,2,22
2025,290130,3,4
2025,290130,4,38
2025,290130,5,38
2025,290130,6,1
2025,290130,7,0
2025,290130,8,7
2025,290130,9,0
2025,290130,10,0
2025,290130,11,0
2025,290135,1,53
2025,290135,2,2
2025,290135,3,0
2025,290135,4,19
2025,290135,5,27
2025,290135,6,0
2025,290135,7,0
2025,290135,8,3
2025,290135,9,0
2025,290135,10,0
2025,290135,11,0
2025,290140,1,45
2025,290140,2,5
2025,290140,3,1
2025,290140,4,10
2025,290140,5,22
2025,290140,6,0
2025,290140,7,0
2025,290140,8,9
2025,290140,9,0
2025,290140,10,0
2025,290140,11,0
2025,290150,1,32
2025,290150,2,8
2025,290150,3,0
2025,290150,4,3
2025,290150,5,10
2025,290150,6,3
2025,290150,7,2
2025,290150,8,1
2025,290150,9,0
2025,290150,10,0
2025,290150,11,0
2025,290160,1,36
2025,290160,2,6
2025,290160,3,0
2025,290160,4,15
2025,290160,5,14
2025,290160,6,0
2025,290160,7,0
2025,290160,8,2
2025,290160,9,0
2025,290160,10,0
2025,290160,11,0
2025,290170,1,63
2025,290170,2,16
2025,290170,3,5
2025,290170,4,20
2025,290170,5,29
2025,290170,6,0
2025,290170,7,3
2025,290170,8,4
2025,290170,9,0
2025,290170,10,0
2025,290170,11,0
2025,290180,1,42
2025,290180,2,7
2025,290180,3,2
2025,290180,4,19
2025,290180,5,21
2025,290180,6,0
2025,290180,7,0
2025,290180,8,4
2025,290180,9,0
2025,290180,10,0
2025,290180,11,0
2025,290190,1,56
2025,290190,2,13
2025,290190,3,1
2025,290190,4,3
2025,290190,5,18
2025,290190,6,0
2025,290190,7,2
2025,290190,8,3
2025,290190,9,0
2025,290190,10,0
2025,290190,11,0
2025,290195,1,23
2025,290195,2,1
2025,290195,3,0
2025,290195,4,12
2025,290195,5,18
2025,290195,6,0
2025,290195,7,0
2025,290195,8,3
2025,290195,9,0
2025,290195,10,0
2025,290195,11,0
2025,290200,1,38
2025,290200,2,13
2025,290200,3,0
2025,290200,4,3
2025,290200,5,18
2025,290200,6,0
2025,290200,7,0
2025,290200,8,5
2025,290200,9,0
2025,290200,10,0
2025,290200,11,0
2025,290205,1,41
2025,290205,2,12
2025,290205,3,0
2025,290205,4,10
2025,290205,5,14
2025,290205,6,1
2025,290205,7,2
2025,290205,8,7
2025,290205,9,0
2025,290205,10,0
2025,290205,11,0
2025,290210,1,158
2025,290210,2,35
2025,290210,3,2
2025,290210,4,18
2025,290210,5,56
2025,290210,6,1
2025,290210,7,0
2025,290210,8,14
2025,290210,9,1
2025,290210,10,0
2025,290210,11,0
2025,290220,1,26
2025,290220,2,5
2025,290220,3,0
2025,290220,4,18
2025,290220,5,17
2025,290220,6,0
2025,290220,7,0
2025,290220,8,1
2025,290220,9,0
2025,290220,10,1
2025,290220,11,0
2025,290225,1,8
2025,290225,2,4
2025,290225,3,0
2025,290225,4,0
2025,290225,5,1
2025,290225,6,0
2025,290225,7,0
2025,290225,8,1
2025,290225,9,0
2025,290225,10,0
2025,290225,11,0
2025,290230,1,12
2025,290230,2,5
2025,290230,3,0
2025,290230,4,0
2025,290230,5,6
2025,290230,6,0
2025,290230,7,0
2025,290230,8,7
2025,290230,9,0
2025,290230,10,0
2025,290230,11,0
2025,290240,1,31
2025,290240,2,6
2025,290240,3,0
2025,290240,4,20
2025,290240,5,11
2025,290240,6,0
2025,290240,7,0
2025,290240,8,12
2025,290240,9,0
2025,290240,10,2
2025,290240,11,0
2025,290250,1,20
2025,290250,2,2
2025,290250,3,1
2025,290250,4,19
2025,290250,5,6
2025,290250,6,0
2025,290250,7,0
2025,290250,8,12
2025,290250,9,0
2025,290250,10,0
2025,290250,11,0
2025,290260,1,101
2025,290260,2,24
2025,290260,3,1
2025,290260,4,21
2025,290260,5,46
2025,290260,6,1
2025,290260,7,2
2025,290260,8,3
2025,290260,9,1
2025,290260,10,0
2025,290260,11,0
2025,290265,1,33
2025,290265,2,16
2025,290265,3,0
2025,290265,4,1
2025,290265,5,17
2025,290265,6,0
2025,290265,7,0
2025,290265,8,3
2025,290265,9,0
2025,290265,10,1
2025,290265,11,0
2025,290270,1,202
2025,290270,2,43
2025,290270,3,3
2025,290270,4,14
2025,290270,5,90
2025,290270,6,0
2025,290270,7,0
2025,290270,8,10
2025,290270,9,0
2025,290270,10,1
2025,290270,11,0
2025,290280,1,50
2025,290280,2,10
2025,290280,3,1
2025,290280,4,14
2025,290280,5,17
2025,290280,6,0
2025,290280,7,0
2025,290280,8,2
2025,290280,9,0
2025,290280,10,0
2025,290280,11,0
2025,290290,1,117
2025,290290,2,39
2025,290290,3,0
2025,290290,4,78
2025,290290,5,36
2025,290290,6,0
2025,290290,7,1
2025,290290,8,6
2025,290290,9,3
2025,290290,10,0
2025,290290,11,0
2025,290300,1,26
2025,290300,2,8
2025,290300,3,5
2025,290300,4,2
2025,290300,5,14
2025,290300,6,0
2025,290300,7,1
2025,290300,8,0
2025,290300,9,1
2025,290300,10,0
2025,290300,11,0
2025,290310,1,15
2025,290310,2,3
2025,290310,3,1
2025,290310,4,19
2025,290310,5,9
2025,290310,6,0
2025,290310,7,0
2025,290310,8,3
2025,290310,9,1
2025,290310,10,0
2025,290310,11,0
2025,290320,1,857
2025,290320,2,132
2025,290320,3,21
2025,290320,4,241
2025,290320,5,326
2025,290320,6,1
2025,290320,7,2
2025,290320,8,42
2025,290320,9,4
2025,290320,10,2
2025,290320,11,0
2025,290323,1,37
2025,290323,2,10
2025,290323,3,0
2025,290323,4,3
2025,290323,5,18
2025,290323,6,0
2025,290323,7,0
2025,290323,8,4
2025,290323,9,0
2025,290323,10,0
2025,290323,11,0
2025,290327,1,31
2025,290327,2,10
2025,290327,3,1
2025,290327,4,4
2025,290327,5,17
2025,290327,6,0
2025,290327,7,1
2025,290327,8,3
2025,290327,9,0
2025,290327,10,1
2025,290327,11,0
2025,290330,1,26
2025,290330,2,8
2025,290330,3,0
2025,290330,4,6
2025,290330,5,9
2025,290330,6,0
2025,290330,7,0
2025,290330,8,5
2025,290330,9,0
2025,290330,10,0
2025,290330,11,0
2025,290340,1,74
2025,290340,2,27
2025,290340,3,2
2025,290340,4,38
2025,290340,5,41
2025,290340,6,0
2025,290340,7,3
2025,290340,8,11
2025,290340,9,1
2025,290340,10,0
2025,290340,11,0
2025,290350,1,92
2025,290350,2,12
2025,290350,3,3
2025,290350,4,24
2025,290350,5,35
2025,290350,6,0
2025,290350,7,0
2025,290350,8,6
2025,290350,9,0
2025,290350,10,0
2025,290350,11,0
2025,290360,1,45
2025,290360,2,11
2025,290360,3,3
2025,290360,4,0
2025,290360,5,26
2025,290360,6,0
2025,290360,7,0
2025,290360,8,2
2025,290360,9,0
2025,290360,10,0
2025,290360,11,0
2025,290370,1,23
2025,290370,2,3
2025,290370,3,0
2025,290370,4,0
2025,290370,5,7
2025,290370,6,0
2025,290370,7,0
2025,290370,8,2
2025,290370,9,0
2025,290370,10,0
2025,290370,11,0
2025,290380,1,62
2025,290380,2,6
2025,290380,3,0
2025,290380,4,5
2025,290380,5,20
2025,290380,6,1
2025,290380,7,0
2025,290380,8,2
2025,290380,9,0
2025,290380,10,0
2025,290380,11,0
2025,290390,1,287
2025,290390,2,53
2025,290390,3,7
2025,290390,4,93
2025,290390,5,160
2025,290390,6,3
2025,290390,7,0
2025,290390,8,26
2025,290390,9,0
2025,290390,10,0
2025,290390,11,0
2025,290395,1,15
2025,290395,2,4
2025,290395,3,4
2025,290395,4,2
2025,290395,5,5
2025,290395,6,0
2025,290395,7,0
2025,290395,8,3
2025,290395,9,0
2025,290395,10,0
2025,290395,11,0
2025,290400,1,14
2025,290400,2,4
2025,290400,3,3
2025,290400,4,2
2025,290400,5,4
2025,290400,6,0
2025,290400,7,1
2025,290400,8,2
2025,290400,9,0
2025,290400,10,0
2025,290400,11,0
2025,290405,1,55
2025,290405,2,8
2025,290405,3,1
2025,290405,4,0
2025,290405,5,20
2025,290405,6,0
2025,290405,7,0
2025,290405,8,8
2025,290405,9,0
2025,290405,10,0
2025,290405,11,0
2025,290410,1,37
2025,290410,2,9
2025,290410,3,1
2025,290410,4,3
2025,290410,5,11
2025,290410,6,0
2025,290410,7,0
2025,290410,8,7
2025,290410,9,0
2025,290410,10,0
2025,290410,11,0
2025,290420,1,30
2025,290420,2,3
2025,290420,3,4
2025,290420,4,4
2025,290420,5,16
2025,290420,6,0
2025,290420,7,0
2025,290420,8,4
2025,290420,9,0
2025,290420,10,0
2025,290420,11,0
2025,290430,1,32
2025,290430,2,10
2025,290430,3,1
2025,290430,4,12
2025,290430,5,18
2025,290430,6,0
2025,290430,7,0
2025,290430,8,3
2025,290430,9,0
2025,290430,10,0
2025,290430,11,0
2025,290440,1,17
2025,290440,2,12
2025,290440,3,1
2025,290440,4,11
2025,290440,5,7
2025,290440,6,0
2025,290440,7,0
2025,290440,8,1
2025,290440,9,0
2025,290440,10,0
2025,290440,11,0
2025,290450,1,4
2025,290450,2,0
2025,290450,3,0
2025,290450,4,1
2025,290450,5,2
2025,290450,6,0
2025,290450,7,0
2025,290450,8,0
2025,290450,9,0
2025,290450,10,0
2025,290450,11,0
2025,290460,1,263
2025,290460,2,88
2025,290460,3,14
2025,290460,4,92
2025,290460,5,156
2025,290460,6,1
2025,290460,7,1
2025,290460,8,12
2025,290460,9,0
2025,290460,10,0
2025,290460,11,0
2025,290470,1,120
2025,290470,2,17
2025,290470,3,2
2025,290470,4,21
2025,290470,5,44
2025,290470,6,0
2025,290470,7,2
2025,290470,8,5
2025,290470,9,0
2025,290470,10,0
2025,290470,11,0
2025,290475,1,81
2025,290475,2,15
2025,290475,3,1
2025,290475,4,3
2025,290475,5,33
2025,290475,6,0
2025,290475,7,0
2025,290475,8,6
2025,290475,9,0
2025,290475,10,0
2025,290475,11,0
2025,290480,1,19
2025,290480,2,4
2025,290480,3,2
2025,290480,4,4
2025,290480,5,6
2025,290480,6,0
2025,290480,7,0
2025,290480,8,0
2025,290480,9,0
2025,290480,10,0
2025,290480,11,0
2025,290485,1,43
2025,290485,2,12
2025,290485,3,0
2025,290485,4,3
2025,290485,5,17
2025,290485,6,0
2025,290485,7,0
2025,290485,8,7
2025,290485,9,0
2025,290485,10,0
2025,290485,11,0
2025,290490,1,85
2025,290490,2,22
2025,290490,3,5
2025,290490,4,14
2025,290490,5,33
2025,290490,6,0
2025,290490,7,2
2025,290490,8,5
2025,290490,9,0
2025,290490,10,0
2025,290490,11,0
2025,290500,1,78
2025,290500,2,33
2025,290500,3,1
2025,290500,4,27
2025,290500,5,31
2025,290500,6,0
2025,290500,7,0
2025,290500,8,8
2025,290500,9,0
2025,290500,10,0
2025,290500,11,0
2025,290510,1,46
2025,290510,2,24
2025,290510,3,0
2025,290510,4,10
2025,290510,5,18
2025,290510,6,0
2025,290510,7,2
2025,290510,8,4
2025,290510,9,0
2025,290510,10,0
2025,290510,11,0
2025,290515,1,25
2025,290515,2,13
2025,290515,3,1
2025,290515,4,4
2025,290515,5,7
2025,290515,6,0
2025,290515,7,0
2025,290515,8,4
2025,290515,9,0
2025,290515,10,0
2025,290515,11,0
2025,290520,1,185
2025,290520,2,25
2025,290520,3,18
2025,290520,4,41
2025,290520,5,70
2025,290520,6,0
2025,290520,7,0
2025,290520,8,11
2025,290520,9,0
2025,290520,10,1
2025,290520,11,0
2025,290530,1,31
2025,290530,2,3
2025,290530,3,0
2025,290530,4,3
2025,290530,5,29
2025,290530,6,0
2025,290530,7,0
2025,290530,8,6
2025,290530,9,1
2025,290530,10,0
2025,290530,11,0
2025,290540,1,120
2025,290540,2,45
2025,290540,3,12
2025,290540,4,17
2025,290540,5,51
2025,290540,6,2
2025,290540,7,1
2025,290540,8,9
2025,290540,9,0
2025,290540,10,0
2025,290540,11,0
2025,290550,1,38
2025,290550,2,12
2025,290550,3,0
2025,290550,4,41
2025,290550,5,22
2025,290550,6,0
2025,290550,7,2
2025,290550,8,3
2025,290550,9,0
2025,290550,10,0
2025,290550,11,0
2025,290560,1,85
2025,290560,2,34
2025,290560,3,1
2025,290560,4,15
2025,290560,5,40
2025,290560,6,0
2025,290560,7,0
2025,290560,8,14
2025,290560,9,2
2025,290560,10,0
2025,290560,11,0
2025,290570,1,1388
2025,290570,2,290
2025,290570,3,51
2025,290570,4,288
2025,290570,5,578
2025,290570,6,5
2025,290570,7,11
2025,290570,8,81
2025,290570,9,12
2025,290570,10,4
2025,290570,11,0
2025,290580,1,75
2025,290580,2,19
2025,290580,3,2
2025,290580,4,16
2025,290580,5,16
2025,290580,6,0
2025,290580,7,1
2025,290580,8,7
2025,290580,9,0
2025,290580,10,0
2025,290580,11,0
2025,290590,1,50
2025,290590,2,10
2025,290590,3,1
2025,290590,4,2
2025,290590,5,51
2025,290590,6,0
2025,290590,7,0
2025,290590,8,6
2025,290590,9,0
2025,290590,10,0
2025,290590,11,0
2025,290600,1,189
2025,290600,2,40
2025,290600,3,6
2025,290600,4,96
2025,290600,5,108
2025,290600,6,0
2025,290600,7,3
2025,290600,8,29
2025,290600,9,0
2025,290600,10,0
2025,290600,11,0
2025,290610,1,24
2025,290610,2,1
2025,290610,3,0
2025,290610,4,8
2025,290610,5,14
2025,290610,6,0
2025,290610,7,0
2025,290610,8,5
2025,290610,9,0
2025,290610,10,0
2025,290610,11,0
2025,290620,1,87
2025,290620,2,13
2025,290620,3,7
2025,290620,4,12
2025,290620,5,52
2025,290620,6,0
2025,290620,7,3
2025,290620,8,17
2025,290620,9,0
2025,290620,10,0
2025,290620,11,0
2025,290630,1,105
2025,290630,2,21
2025,290630,3,1
2025,290630,4,3
2025,290630,5,53
2025,290630,6,0
2025,290630,7,0
2025,290630,8,13
2025,290630,9,0
2025,290630,10,0
2025,290630,11,0
2025,290640,1,25
2025,290640,2,5
2025,290640,3,4
2025,290640,4,9
2025,290640,5,13
2025,290640,6,0
2025,290640,7,1
2025,290640,8,3
2025,290640,9,0
2025,290640,10,0
2025,290640,11,0
2025,290650,1,285
2025,290650,2,71
2025,290650,3,4
2025,290650,4,53
2025,290650,5,95
2025,290650,6,0
2025,290650,7,0
2025,290650,8,7
2025,290650,9,1
2025,290650,10,0
2025,290650,11,0
2025,290660,1,32
2025,290660,2,3
2025,290660,3,0
2025,290660,4,1
2025,290660,5,16
2025,290660,6,0
2025,290660,7,0
2025,290660,8,2
2025,290660,9,0
2025,290660,10,0
2025,290660,11,0
2025,290670,1,78
2025,290670,2,14
2025,290670,3,3
2025,290670,4,12
2025,290670,5,44
2025,290670,6,0
2025,290670,7,3
2025,290670,8,9
2025,290670,9,2
2025,290670,10,0
2025,290670,11,0
2025,290680,1,82
2025,290680,2,38
2025,290680,3,4
2025,290680,4,3
2025,290680,5,57
2025,290680,6,0
2025,290680,7,1
2025,290680,8,16
2025,290680,9,0
2025,290680,10,0
2025,290680,11,0
2025,290682,1,64
2025,290682,2,26
2025,290682,3,3
2025,290682,4,12
2025,290682,5,30
2025,290682,6,0
2025,290682,7,2
2025,290682,8,8
2025,290682,9,0
2025,290682,10,0
2025,290682,11,0
2025,290685,1,27
2025,290685,2,1
2025,290685,3,1
2025,290685,4,6
2025,290685,5,28
2025,290685,6,0
2025,290685,7,0
2025,290685,8,1
2025,290685,9,0
2025,290685,10,0
2025,290685,11,0
2025,290687,1,118
2025,290687,2,22
2025,290687,3,4
2025,290687,4,9
2025,290687,5,53
2025,290687,6,2
2025,290687,7,1
2025,290687,8,12
2025,290687,9,1
2025,290687,10,0
2025,290687,11,0
2025,290689,1,27
2025,290689,2,12
2025,290689,3,1
2025,290689,4,9
2025,290689,5,8
2025,290689,6,0
2025,290689,7,0
2025,290689,8,2
2025,290689,9,0
2025,290689,10,0
2025,290689,11,0
2025,290690,1,128
2025,290690,2,36
2025,290690,3,5
2025,290690,4,79
2025,290690,5,59
2025,290690,6,1
2025,290690,7,0
2025,290690,8,4
2025,290690,9,1
2025,290690,10,0
2025,290690,11,0
2025,290700,1,22
2025,290700,2,10
2025,290700,3,0
2025,290700,4,9
2025,290700,5,15
2025,290700,6,0
2025,290700,7,1
2025,290700,8,6
2025,290700,9,1
2025,290700,10,0
2025,290700,11,0
2025,290710,1,80
2025,290710,2,34
2025,290710,3,4
2025,290710,4,9
2025,290710,5,48
2025,290710,6,1
2025,290710,7,0
2025,290710,8,12
2025,290710,9,0
2025,290710,10,0
2025,290710,11,0
2025,290720,1,262
2025,290720,2,124
2025,290720,3,7
2025,290720,4,19
2025,290720,5,129
2025,290720,6,5
2025,290720,7,2
2025,290720,8,18
2025,290720,9,2
2025,290720,10,1
2025,290720,11,0
2025,290730,1,107
2025,290730,2,55
2025,290730,3,4
2025,290730,4,10
2025,290730,5,52
2025,290730,6,2
2025,290730,7,1
2025,290730,8,3
2025,290730,9,1
2025,290730,10,0
2025,290730,11,0
2025,290740,1,12
2025,290740,2,0
2025,290740,3,0
2025,290740,4,2
2025,290740,5,5
2025,290740,6,0
2025,290740,7,0
2025,290740,8,0
2025,290740,9,0
2025,290740,10,0
2025,290740,11,0
2025,290750,1,141
2025,290750,2,53
2025,290750,3,4
2025,290750,4,43
2025,290750,5,61
2025,290750,6,1
2025,290750,7,0
2025,290750,8,18
2025,290750,9,0
2025,290750,10,0
2025,290750,11,0
2025,290755,1,28
2025,290755,2,3
2025,290755,3,0
2025,290755,4,15
2025,290755,5,11
2025,290755,6,0
2025,290755,7,3
2025,290755,8,1
2025,290755,9,0
2025,290755,10,1
2025,290755,11,0
2025,290760,1,42
2025,290760,2,1
2025,290760,3,1
2025,290760,4,18
2025,290760,5,34
2025,290760,6,0
2025,290760,7,0
2025,290760,8,3
2025,290760,9,0
2025,290760,10,0
2025,290760,11,0
2025,290770,1,41
2025,290770,2,5
2025,290770,3,0
2025,290770,4,18
2025,290770,5,12
2025,290770,6,0
2025,290770,7,0
2025,290770,8,3
2025,290770,9,0
2025,290770,10,0
2025,290770,11,0
2025,290780,1,81
2025,290780,2,16
2025,290780,3,2
2025,290780,4,30
2025,290780,5,39
2025,290780,6,0
2025,290780,7,0
2025,290780,8,11
2025,290780,9,0
2025,290780,10,0
2025,290780,11,0
2025,290790,1,56
2025,290790,2,12
2025,290790,3,6
2025,290790,4,27
2025,290790,5,23
2025,290790,6,0
2025,290790,7,1
2025,290790,8,6
2025,290790,9,0
2025,290790,10,0
2025,290790,11,0
2025,290800,1,47
2025,290800,2,5
2025,290800,3,7
2025,290800,4,7
2025,290800,5,19
2025,290800,6,1
2025,290800,7,0
2025,290800,8,4
2025,290800,9,1
2025,290800,10,1
2025,290800,11,0
2025,290810,1,41
2025,290810,2,14
2025,290810,3,1
2025,290810,4,7
2025,290810,5,13
2025,290810,6,0
2025,290810,7,0
2025,290810,8,4
2025,290810,9,0
2025,290810,10,0
2025,290810,11,0
2025,290820,1,83
2025,290820,2,27
2025,290820,3,3
2025,290820,4,0
2025,290820,5,32
2025,290820,6,0
2025,290820,7,0
2025,290820,8,7
2025,290820,9,0
2025,290820,10,0
2025,290820,11,0
2025,290830,1,33
2025,290830,2,18
2025,290830,3,0
2025,290830,4,4
2025,290830,5,11
2025,290830,6,1
2025,290830,7,1
2025,290830,8,4
2025,290830,9,0
2025,290830,10,0
2025,290830,11,0
2025,290840,1,228
2025,290840,2,36
2025,290840,3,6
2025,290840,4,75
2025,290840,5,132
2025,290840,6,0
2025,290840,7,1
2025,290840,8,31
2025,290840,9,0
2025,290840,10,0
2025,290840,11,0
2025,290850,1,161
2025,290850,2,34
2025,290850,3,6
2025,290850,4,22
2025,290850,5,77
2025,290850,6,2
2025,290850,7,4
2025,290850,8,13
2025,290850,9,1
2025,290850,10,1
2025,290850,11,0
2025,290860,1,120
2025,290860,2,44
2025,290860,3,6
2025,290860,4,24
2025,290860,5,59
2025,290860,6,0
2025,290860,7,0
2025,290860,8,9
2025,290860,9,0
2025,290860,10,1
2025,290860,11,0
2025,290870,1,25
2025,290870,2,2
2025,290870,3,3
2025,290870,4,16
2025,290870,5,19
2025,290870,6,0
2025,290870,7,0
2025,290870,8,0
2025,290870,9,0
2025,290870,10,0
2025,290870,11,0
2025,290880,1,9
2025,290880,2,5
2025,290880,3,2
2025,290880,4,6
2025,290880,5,0
2025,290880,6,0
2025,290880,7,0
2025,290880,8,2
2025,290880,9,0
2025,290880,10,0
2025,290880,11,0
2025,290890,1,96
2025,290890,2,39
2025,290890,3,5
2025,290890,4,15
2025,290890,5,25
2025,290890,6,2
2025,290890,7,3
2025,290890,8,5
2025,290890,9,1
2025,290890,10,1
2025,290890,11,0
2025,290900,1,21
2025,290900,2,1
2025,290900,3,0
2025,290900,4,6
2025,290900,5,8
2025,290900,6,0
2025,290900,7,0
2025,290900,8,3
2025,290900,9,0
2025,290900,10,0
2025,290900,11,0
2025,290910,1,36
2025,290910,2,11
2025,290910,3,3
2025,290910,4,7
2025,290910,5,14
2025,290910,6,0
2025,290910,7,0
2025,290910,8,5
2025,290910,9,0
2025,290910,10,0
2025,290910,11,0
2025,290920,1,40
2025,290920,2,5
2025,290920,3,1
2025,290920,4,10
2025,290920,5,16
2025,290920,6,1
2025,290920,7,1
2025,290920,8,7
2025,290920,9,0
2025,290920,10,0
2025,290920,11,0
2025,290930,1,98
2025,290930,2,28
2025,290930,3,4
2025,290930,4,22
2025,290930,5,49
2025,290930,6,1
2025,290930,7,0
2025,290930,8,6
2025,290930,9,0
2025,290930,10,0
2025,290930,11,0
2025,290940,1,38
2025,290940,2,7
2025,290940,3,0
2025,290940,4,11
2025,290940,5,14
2025,290940,6,1
2025,290940,7,0
2025,290940,8,5
2025,290940,9,0
2025,290940,10,0
2025,290940,11,0
2025,290950,1,24
2025,290950,2,3
2025,290950,3,1
2025,290950,4,2
2025,290950,5,0
2025,290950,6,0
2025,290950,7,0
2025,290950,8,2
2025,290950,9,0
2025,290950,10,0
2025,290950,11,0
2025,290960,1,60
2025,290960,2,13
2025,290960,3,0
2025,290960,4,16
2025,290960,5,16
2025,290960,6,0
2025,290960,7,0
2025,290960,8,10
2025,290960,9,0
2025,290960,10,0
2025,290960,11,0
2025,290970,1,22
2025,290970,2,5
2025,290970,3,1
2025,290970,4,4
2025,290970,5,25
2025,290970,6,0
2025,290970,7,1
2025,290970,8,4
2025,290970,9,0
2025,290970,10,0
2025,290970,11,0
2025,290980,1,222
2025,290980,2,38
2025,290980,3,8
2025,290980,4,54
2025,290980,5,71
2025,290980,6,1
2025,290980,7,2
2025,290980,8,13
2025,290980,9,0
2025,290980,10,1
2025,290980,11,0
2025,290990,1,88
2025,290990,2,16
2025,290990,3,2
2025,290990,4,21
2025,290990,5,58
2025,290990,6,1
2025,290990,7,1
2025,290990,8,9
2025,290990,9,1
2025,290990,10,0
2025,290990,11,0
2025,291000,1,17
2025,291000,2,2
2025,291000,3,0
2025,291000,4,3
2025,291000,5,12
2025,291000,6,0
2025,291000,7,1
2025,291000,8,1
2025,291000,9,0
2025,291000,10,0
2025,291000,11,0
2025,291005,1,281
2025,291005,2,48
2025,291005,3,16
2025,291005,4,71
2025,291005,5,137
2025,291005,6,1
2025,291005,7,12
2025,291005,8,21
2025,291005,9,4
2025,291005,10,0
2025,291005,11,0
2025,291010,1,34
2025,291010,2,14
2025,291010,3,0
2025,291010,4,2
2025,291010,5,17
2025,291010,6,0
2025,291010,7,0
2025,291010,8,5
2025,291010,9,0
2025,291010,10,0
2025,291010,11,0
2025,291020,1,12
2025,291020,2,2
2025,291020,3,1
2025,291020,4,10
2025,291020,5,2
2025,291020,6,0
2025,291020,7,0
2025,291020,8,2
2025,291020,9,0
2025,291020,10,0
2025,291020,11,0
2025,291030,1,15
2025,291030,2,6
2025,291030,3,2
2025,291030,4,0
2025,291030,5,1
2025,291030,6,0
2025,291030,7,0
2025,291030,8,2
2025,291030,9,0
2025,291030,10,0
2025,291030,11,0
2025,291040,1,56
2025,291040,2,13
2025,291040,3,0
2025,291040,4,5
2025,291040,5,23
2025,291040,6,0
2025,291040,7,1
2025,291040,8,5
2025,291040,9,0
2025,291040,10,0
2025,291040,11,0
2025,291050,1,203
2025,291050,2,58
2025,291050,3,9
2025,291050,4,40
2025,291050,5,78
2025,291050,6,1
2025,291050,7,4
2025,291050,8,12
2025,291050,9,1
2025,291050,10,0
2025,291050,11,0
2025,291060,1,115
2025,291060,2,40
2025,291060,3,1
2025,291060,4,25
2025,291060,5,53
2025,291060,6,0
2025,291060,7,3
2025,291060,8,12
2025,291060,9,0
2025,291060,10,0
2025,291060,11,0
2025,291070,1,279
2025,291070,2,56
2025,291070,3,12
2025,291070,4,118
2025,291070,5,128
2025,291070,6,0
2025,291070,7,0
2025,291070,8,24
2025,291070,9,1
2025,291070,10,0
2025,291070,11,0
2025,291072,1,388
2025,291072,2,42
2025,291072,3,10
2025,291072,4,93
2025,291072,5,150
2025,291072,6,2
2025,291072,7,6
2025,291072,8,38
2025,291072,9,2
2025,291072,10,2
2025,291072,11,0
2025,291075,1,44
2025,291075,2,25
2025,291075,3,3
2025,291075,4,17
2025,291075,5,15
2025,291075,6,0
2025,291075,7,0
2025,291075,8,3
2025,291075,9,1
2025,291075,10,0
2025,291075,11,0
2025,291077,1,9
2025,291077,2,1
2025,291077,3,0
2025,291077,4,1
2025,291077,5,5
2025,291077,6,0
2025,291077,7,0
2025,291077,8,3
2025,291077,9,0
2025,291077,10,0
2025,291077,11,0
2025,291080,1,2450
2025,291080,2,404
2025,291080,3,85
2025,291080,4,1214
2025,291080,5,967
2025,291080,6,9
2025,291080,7,23
2025,291080,8,154
2025,291080,9,19
2025,291080,10,6
2025,291080,11,0
2025,291085,1,70
2025,291085,2,9
2025,291085,3,1
2025,291085,4,46
2025,291085,5,31
2025,291085,6,0
2025,291085,7,1
2025,291085,8,4
2025,291085,9,0
2025,291085,10,0
2025,291085,11,0
2025,291090,1,17
2025,291090,2,4
2025,291090,3,0
2025,291090,4,3
2025,291090,5,7
2025,291090,6,0
2025,291090,7,0
2025,291090,8,1
2025,291090,9,0
2025,291090,10,0
2025,291090,11,0
2025,291100,1,45
2025,291100,2,11
2025,291100,3,1
2025,291100,4,7
2025,291100,5,19
2025,291100,6,0
2025,291100,7,0
2025,291100,8,6
2025,291100,9,0
2025,291100,10,0
2025,291100,11,0
2025,291110,1,141
2025,291110,2,18
2025,291110,3,2
2025,291110,4,12
2025,291110,5,71
2025,291110,6,1
2025,291110,7,0
2025,291110,8,11
2025,291110,9,0
2025,291110,10,0
2025,291110,11,0
2025,291120,1,164
2025,291120,2,10
2025,291120,3,4
2025,291120,4,24
2025,291120,5,51
2025,291120,6,0
2025,291120,7,3
2025,291120,8,19
2025,291120,9,0
2025,291120,10,1
2025,291120,11,0
2025,291125,1,7
2025,291125,2,0
2025,291125,3,0
2025,291125,4,3
2025,291125,5,1
2025,291125,6,0
2025,291125,7,0
2025,291125,8,1
2025,291125,9,0
2025,291125,10,0
2025,291125,11,0
2025,291130,1,32
2025,291130,2,4
2025,291130,3,1
2025,291130,4,1
2025,291130,5,7
2025,291130,6,0
2025,291130,7,1
2025,291130,8,1
2025,291130,9,0
2025,291130,10,0
2025,291130,11,0
2025,291140,1,30
2025,291140,2,7
2025,291140,3,0
2025,291140,4,25
2025,291140,5,15
2025,291140,6,1
2025,291140,7,0
2025,291140,8,7
2025,291140,9,0
2025,291140,10,0
2025,291140,11,0
2025,291150,1,36
2025,291150,2,133
2025,291150,3,3
2025,291150,4,31
2025,291150,5,15
2025,291150,6,0
2025,291150,7,1
2025,291150,8,1
2025,291150,9,1
2025,291150,10,0
2025,291150,11,0
2025,291160,1,44
2025,291160,2,7
2025,291160,3,1
2025,291160,4,6
2025,291160,5,35
2025,291160,6,0
2025,291160,7,0
2025,291160,8,7
2025,291160,9,2
2025,291160,10,0
2025,291160,11,0
2025,291165,1,15
2025,291165,2,5
2025,291165,3,1
2025,291165,4,1
2025,291165,5,7
2025,291165,6,0
2025,291165,7,0
2025,291165,8,1
2025,291165,9,0
2025,291165,10,0
2025,291165,11,0
2025,291170,1,302
2025,291170,2,71
2025,291170,3,15
2025,291170,4,155
2025,291170,5,160
2025,291170,6,0
2025,291170,7,2
2025,291170,8,17
2025,291170,9,1
2025,291170,10,1
2025,291170,11,0
2025,291180,1,77
2025,291180,2,21
2025,291180,3,1
2025,291180,4,19
2025,291180,5,38
2025,291180,6,0
2025,291180,7,5
2025,291180,8,9
2025,291180,9,0
2025,291180,10,0
2025,291180,11,0
2025,291185,1,18
2025,291185,2,3
2025,291185,3,0
2025,291185,4,3
2025,291185,5,2
2025,291185,6,0
2025,291185,7,0
2025,291185,8,2
2025,291185,9,0
2025,291185,10,0
2025,291185,11,0
2025,291190,1,183
2025,291190,2,20
2025,291190,3,2
2025,291190,4,57
2025,291190,5,65
2025,291190,6,0
2025,291190,7,1
2025,291190,8,8
2025,291190,9,0
2025,291190,10,0
2025,291190,11,0
2025,291200,1,32
2025,291200,2,3
2025,291200,3,1
2025,291200,4,14
2025,291200,5,18
2025,291200,6,0
2025,291200,7,0
2025,291200,8,8
2025,291200,9,0
2025,291200,10,0
2025,291200,11,0
2025,291210,1,88
2025,291210,2,16
2025,291210,3,1
2025,291210,4,37
2025,291210,5,63
2025,291210,6,0
2025,291210,7,0
2025,291210,8,7
2025,291210,9,0
2025,291210,10,0
2025,291210,11,0
2025,291220,1,54
2025,291220,2,12
2025,291220,3,0
2025,291220,4,9
2025,291220,5,20
2025,291220,6,0
2025,291220,7,0
2025,291220,8,5
2025,291220,9,1
2025,291220,10,0
2025,291220,11,0
2025,291230,1,39
2025,291230,2,5
2025,291230,3,0
2025,291230,4,11
2025,291230,5,13
2025,291230,6,0
2025,291230,7,0
2025,291230,8,2
2025,291230,9,1
2025,291230,10,0
2025,291230,11,0
2025,291240,1,28
2025,291240,2,8
2025,291240,3,2
2025,291240,4,8
2025,291240,5,19
2025,291240,6,0
2025,291240,7,1
2025,291240,8,4
2025,291240,9,0
2025,291240,10,0
2025,291240,11,0
2025,291250,1,31
2025,291250,2,6
2025,291250,3,3
2025,291250,4,12
2025,291250,5,13
2025,291250,6,0
2025,291250,7,0
2025,291250,8,5
2025,291250,9,0
2025,291250,10,0
2025,291250,11,0
2025,291260,1,23
2025,291260,2,1
2025,291260,3,0
2025,291260,4,5
2025,291260,5,6
2025,291260,6,0
2025,291260,7,0
2025,291260,8,0
2025,291260,9,0
2025,291260,10,0
2025,291260,11,0
2025,291270,1,68
2025,291270,2,9
2025,291270,3,4
2025,291270,4,23
2025,291270,5,37
2025,291270,6,1
2025,291270,7,0
2025,291270,8,5
2025,291270,9,0
2025,291270,10,0
2025,291270,11,0
2025,291280,1,29
2025,291280,2,7
2025,291280,3,1
2025,291280,4,25
2025,291280,5,14
2025,291280,6,0
2025,291280,7,1
2025,291280,8,3
2025,291280,9,0
2025,291280,10,0
2025,291280,11,0
2025,291290,1,55
2025,291290,2,13
2025,291290,3,2
2025,291290,4,3
2025,291290,5,16
2025,291290,6,0
2025,291290,7,1
2025,291290,8,8
2025,291290,9,1
2025,291290,10,0
2025,291290,11,0
2025,291300,1,42
2025,291300,2,9
2025,291300,3,0
2025,291300,4,9
2025,291300,5,16
2025,291300,6,0
2025,291300,7,0
2025,291300,8,4
2025,291300,9,0
2025,291300,10,0
2025,291300,11,0
2025,291310,1,17
2025,291310,2,18
2025,291310,3,3
2025,291310,4,0
2025,291310,5,13
2025,291310,6,1
2025,291310,7,1
2025,291310,8,3
2025,291310,9,0
2025,291310,10,0
2025,291310,11,0
2025,291320,1,153
2025,291320,2,35
2025,291320,3,2
2025,291320,4,14
2025,291320,5,61
2025,291320,6,0
2025,291320,7,2
2025,291320,8,15
2025,291320,9,2
2025,291320,10,0
2025,291320,11,0
2025,291330,1,27
2025,291330,2,6
2025,291330,3,0
2025,291330,4,19
2025,291330,5,10
2025,291330,6,0
2025,291330,7,0
2025,291330,8,6
2025,291330,9,0
2025,291330,10,0
2025,291330,11,0
2025,291340,1,44
2025,291340,2,22
2025,291340,3,7
2025,291340,4,14
2025,291340,5,24
2025,291340,6,0
2025,291340,7,0
2025,291340,8,2
2025,291340,9,0
2025,291340,10,0
2025,291340,11,0
2025,291345,1,31
2025,291345,2,7
2025,291345,3,1
2025,291345,4,19
2025,291345,5,14
2025,291345,6,0
2025,291345,7,1
2025,291345,8,3
2025,291345,9,1
2025,291345,10,0
2025,291345,11,0
2025,291350,1,44
2025,291350,2,13
2025,291350,3,0
2025,291350,4,9
2025,291350,5,10
2025,291350,6,0
2025,291350,7,0
2025,291350,8,3
2025,291350,9,1
2025,291350,10,1
2025,291350,11,0
2025,291360,1,971
2025,291360,2,212
2025,291360,3,30
2025,291360,4,308
2025,291360,5,505
2025,291360,6,3
2025,291360,7,6
2025,291360,8,56
2025,291360,9,5
2025,291360,10,3
2025,291360,11,1
2025,291370,1,237
2025,291370,2,62
2025,291370,3,10
2025,291370,4,53
2025,291370,5,84
2025,291370,6,2
2025,291370,7,2
2025,291370,8,13
2025,291370,9,1
2025,291370,10,1
2025,291370,11,0
2025,291380,1,24
2025,291380,2,11
2025,291380,3,0
2025,291380,4,4
2025,291380,5,5
2025,291380,6,0
2025,291380,7,0
2025,291380,8,3
2025,291380,9,0
2025,291380,10,0
2025,291380,11,0
2025,291390,1,143
2025,291390,2,26
2025,291390,3,6
2025,291390,4,60
2025,291390,5,74
2025,291390,6,1
2025,291390,7,3
2025,291390,8,17
2025,291390,9,2
2025,291390,10,1
2025,291390,11,0
2025,291400,1,169
2025,291400,2,20
2025,291400,3,3
2025,291400,4,43
2025,291400,5,69
2025,291400,6,0
2025,291400,7,1
2025,291400,8,12
2025,291400,9,1
2025,291400,10,1
2025,291400,11,0
2025,291410,1,9
2025,291410,2,2
2025,291410,3,0
2025,291410,4,1
2025,291410,5,8
2025,291410,6,0
2025,291410,7,0
2025,291410,8,0
2025,291410,9,0
2025,291410,10,0
2025,291410,11,0
2025,291420,1,12
2025,291420,2,3
2025,291420,3,1
2025,291420,4,7
2025,291420,5,8
2025,291420,6,0
2025,291420,7,0
2025,291420,8,0
2025,291420,9,0
2025,291420,10,0
2025,291420,11,0
2025,291430,1,27
2025,291430,2,9
2025,291430,3,0
2025,291430,4,3
2025,291430,5,6
2025,291430,6,0
2025,291430,7,0
2025,291430,8,3
2025,291430,9,0
2025,291430,10,0
2025,291430,11,1
2025,291440,1,74
2025,291440,2,12
2025,291440,3,1
2025,291440,4,7
2025,291440,5,32
2025,291440,6,0
2025,291440,7,0
2025,291440,8,3
2025,291440,9,0
2025,291440,10,0
2025,291440,11,0
2025,291450,1,158
2025,291450,2,23
2025,291450,3,5
2025,291450,4,36
2025,291450,5,37
2025,291450,6,0
2025,291450,7,0
2025,291450,8,9
2025,291450,9,1
2025,291450,10,0
2025,291450,11,0
2025,291460,1,376
2025,291460,2,79
2025,291460,3,11
2025,291460,4,118
2025,291460,5,172
2025,291460,6,1
2025,291460,7,3
2025,291460,8,28
2025,291460,9,0
2025,291460,10,2
2025,291460,11,0
2025,291465,1,105
2025,291465,2,17
2025,291465,3,5
2025,291465,4,21
2025,291465,5,44
2025,291465,6,2
2025,291465,7,4
2025,291465,8,9
2025,291465,9,0
2025,291465,10,0
2025,291465,11,0
2025,291470,1,392
2025,291470,2,51
2025,291470,3,16
2025,291470,4,229
2025,291470,5,186
2025,291470,6,4
2025,291470,7,3
2025,291470,8,33
2025,291470,9,0
2025,291470,10,1
2025,291470,11,0
2025,291480,1,914
2025,291480,2,173
2025,291480,3,28
2025,291480,4,418
2025,291480,5,413
2025,291480,6,5
2025,291480,7,3
2025,291480,8,47
2025,291480,9,2
2025,291480,10,1
2025,291480,11,1
2025,291490,1,134
2025,291490,2,20
2025,291490,3,14
2025,291490,4,53
2025,291490,5,70
2025,291490,6,0
2025,291490,7,0
2025,291490,8,18
2025,291490,9,0
2025,291490,10,2
2025,291490,11,0
2025,291500,1,17
2025,291500,2,5
2025,291500,3,0
2025,291500,4,7
2025,291500,5,8
2025,291500,6,0
2025,291500,7,0
2025,291500,8,2
2025,291500,9,1
2025,291500,10,0
2025,291500,11,0
2025,291510,1,40
2025,291510,2,11
2025,291510,3,6
2025,291510,4,3
2025,291510,5,13
2025,291510,6,0
2025,291510,7,0
2025,291510,8,5
2025,291510,9,0
2025,291510,10,0
2025,291510,11,0
2025,291520,1,31
2025,291520,2,15
2025,291520,3,0
2025,291520,4,2
2025,291520,5,27
2025,291520,6,0
2025,291520,7,1
2025,291520,8,3
2025,291520,9,0
2025,291520,10,0
2025,291520,11,0
2025,291530,1,19
2025,291530,2,9
2025,291530,3,4
2025,291530,4,4
2025,291530,5,12
2025,291530,6,0
2025,291530,7,0
2025,291530,8,5
2025,291530,9,0
2025,291530,10,0
2025,291530,11,0
2025,291535,1,25
2025,291535,2,6
2025,291535,3,1
2025,291535,4,3
2025,291535,5,20
2025,291535,6,1
2025,291535,7,1
2025,291535,8,5
2025,291535,9,0
2025,291535,10,0
2025,291535,11,0
2025,291540,1,21
2025,291540,2,8
2025,291540,3,0
2025,291540,4,11
2025,291540,5,9
2025,291540,6,0
2025,291540,7,0
2025,291540,8,1
2025,291540,9,0
2025,291540,10,0
2025,291540,11,0
2025,291550,1,66
2025,291550,2,17
2025,291550,3,1
2025,291550,4,9
2025,291550,5,35
2025,291550,6,0
2025,291550,7,1
2025,291550,8,3
2025,291550,9,0
2025,291550,10,0
2025,291550,11,0
2025,291560,1,247
2025,291560,2,58
2025,291560,3,15
2025,291560,4,19
2025,291560,5,119
2025,291560,6,2
2025,291560,7,1
2025,291560,8,29
2025,291560,9,1
2025,291560,10,1
2025,291560,11,0
2025,291570,1,31
2025,291570,2,3
2025,291570,3,0
2025,291570,4,27
2025,291570,5,7
2025,291570,6,0
2025,291570,7,0
2025,291570,8,1
2025,291570,9,0
2025,291570,10,0
2025,291570,11,0
2025,291580,1,118
2025,291580,2,36
2025,291580,3,4
2025,291580,4,33
2025,291580,5,49
2025,291580,6,1
2025,291580,7,0
2025,291580,8,13
2025,291580,9,0
2025,291580,10,0
2025,291580,11,0
2025,291590,1,34
2025,291590,2,12
2025,291590,3,2
2025,291590,4,5
2025,291590,5,15
2025,291590,6,0
2025,291590,7,0
2025,291590,8,2
2025,291590,9,0
2025,291590,10,0
2025,291590,11,0
2025,291600,1,45
2025,291600,2,13
2025,291600,3,3
2025,291600,4,24
2025,291600,5,28
2025,291600,6,0
2025,291600,7,0
2025,291600,8,10
2025,291600,9,0
2025,291600,10,0
2025,291600,11,0
2025,291610,1,143
2025,291610,2,26
2025,291610,3,3
2025,291610,4,34
2025,291610,5,58
2025,291610,6,0
2025,291610,7,0
2025,291610,8,4
2025,291610,9,0
2025,291610,10,0
2025,291610,11,0
2025,291620,1,25
2025,291620,2,11
2025,291620,3,3
2025,291620,4,13
2025,291620,5,19
2025,291620,6,0
2025,291620,7,1
2025,291620,8,3
2025,291620,9,0
2025,291620,10,0
2025,291620,11,0
2025,291630,1,39
2025,291630,2,18
2025,291630,3,0
2025,291630,4,20
2025,291630,5,16
2025,291630,6,0
2025,291630,7,1
2025,291630,8,5
2025,291630,9,0
2025,291630,10,0
2025,291630,11,0
2025,291640,1,233
2025,291640,2,77
2025,291640,3,13
2025,291640,4,93
2025,291640,5,134
2025,291640,6,3
2025,291640,7,0
2025,291640,8,22
2025,291640,9,1
2025,291640,10,1
2025,291640,11,0
2025,291650,1,82
2025,291650,2,13
2025,291650,3,3
2025,291650,4,14
2025,291650,5,49
2025,291650,6,1
2025,291650,7,0
2025,291650,8,14
2025,291650,9,0
2025,291650,10,0
2025,291650,11,0
2025,291660,1,11
2025,291660,2,7
2025,291660,3,0
2025,291660,4,0
2025,291660,5,8
2025,291660,6,0
2025,291660,7,0
2025,291660,8,10
2025,291660,9,0
2025,291660,10,0
2025,291660,11,0
2025,291670,1,35
2025,291670,2,9
2025,291670,3,0
2025,291670,4,13
2025,291670,5,10
2025,291670,6,0
2025,291670,7,0
2025,291670,8,2
2025,291670,9,0
2025,291670,10,0
2025,291670,11,0
2025,291680,1,59
2025,291680,2,20
2025,291680,3,1
2025,291680,4,6
2025,291680,5,21
2025,291680,6,0
2025,291680,7,0
2025,291680,8,10
2025,291680,9,2
2025,291680,10,0
2025,291680,11,0
2025,291685,1,50
2025,291685,2,14
2025,291685,3,0
2025,291685,4,8
2025,291685,5,33
2025,291685,6,0
2025,291685,7,1
2025,291685,8,3
2025,291685,9,1
2025,291685,10,1
2025,291685,11,0
2025,291690,1,39
2025,291690,2,15
2025,291690,3,1
2025,291690,4,7
2025,291690,5,7
2025,291690,6,0
2025,291690,7,0
2025,291690,8,3
2025,291690,9,0
2025,291690,10,0
2025,291690,11,0
2025,291700,1,87
2025,291700,2,12
2025,291700,3,2
2025,291700,4,81
2025,291700,5,40
2025,291700,6,0
2025,291700,7,1
2025,291700,8,14
2025,291700,9,0
2025,291700,10,0
2025,291700,11,0
2025,291710,1,69
2025,291710,2,27
2025,291710,3,5
2025,291710,4,35
2025,291710,5,29
2025,291710,6,0
2025,291710,7,0
2025,291710,8,6
2025,291710,9,0
2025,291710,10,0
2025,291710,11,0
2025,291720,1,50
2025,291720,2,21
2025,291720,3,1
2025,291720,4,6
2025,291720,5,13
2025,291720,6,0
2025,291720,7,0
2025,291720,8,4
2025,291720,9,0
2025,291720,10,0
2025,291720,11,0
2025,291730,1,65
2025,291730,2,21
2025,291730,3,3
2025,291730,4,19
2025,291730,5,12
2025,291730,6,1
2025,291730,7,0
2025,291730,8,16
2025,291730,9,0
2025,291730,10,0
2025,291730,11,0
2025,291733,1,44
2025,291733,2,11
2025,291733,3,2
2025,291733,4,20
2025,291733,5,12
2025,291733,6,0
2025,291733,7,0
2025,291733,8,3
2025,291733,9,0
2025,291733,10,0
2025,291733,11,0
2025,291735,1,21
2025,291735,2,6
2025,291735,3,0
2025,291735,4,8
2025,291735,5,11
2025,291735,6,0
2025,291735,7,0
2025,291735,8,3
2025,291735,9,0
2025,291735,10,1
2025,291735,11,0
2025,291740,1,25
2025,291740,2,4
2025,291740,3,1
2025,291740,4,20
2025,291740,5,18
2025,291740,6,0
2025,291740,7,0
2025,291740,8,1
2025,291740,9,0
2025,291740,10,0
2025,291740,11,0
2025,291750,1,322
2025,291750,2,57
2025,291750,3,6
2025,291750,4,102
2025,291750,5,183
2025,291750,6,0
2025,291750,7,2
2025,291750,8,24
2025,291750,9,2
2025,291750,10,0
2025,291750,11,0
2025,291760,1,277
2025,291760,2,42
2025,291760,3,6
2025,291760,4,176
2025,291760,5,65
2025,291760,6,0
2025,291760,7,2
2025,291760,8,9
2025,291760,9,0
2025,291760,10,0
2025,291760,11,1
2025,291770,1,100
2025,291770,2,11
2025,291770,3,2
2025,291770,4,105
2025,291770,5,65
2025,291770,6,2
2025,291770,7,1
2025,291770,8,15
2025,291770,9,0
2025,291770,10,0
2025,291770,11,0
2025,291780,1,49
2025,291780,2,12
2025,291780,3,2
2025,291780,4,9
2025,291780,5,14
2025,291780,6,0
2025,291780,7,0
2025,291780,8,1
2025,291780,9,0
2025,291780,10,0
2025,291780,11,0
2025,291790,1,30
2025,291790,2,11
2025,291790,3,2
2025,291790,4,18
2025,291790,5,12
2025,291790,6,0
2025,291790,7,0
2025,291790,8,5
2025,291790,9,0
2025,291790,10,0
2025,291790,11,0
2025,291800,1,582
2025,291800,2,146
2025,291800,3,20
2025,291800,4,196
2025,291800,5,308
2025,291800,6,3
2025,291800,7,8
2025,291800,8,35
2025,291800,9,7
2025,291800,10,2
2025,291800,11,0
2025,291810,1,107
2025,291810,2,16
2025,291810,3,5
2025,291810,4,36
2025,291810,5,59
2025,291810,6,2
2025,291810,7,1
2025,291810,8,8
2025,291810,9,1
2025,291810,10,1
2025,291810,11,0
2025,291820,1,50
2025,291820,2,7
2025,291820,3,3
2025,291820,4,5
2025,291820,5,22
2025,291820,6,0
2025,291820,7,0
2025,291820,8,2
2025,291820,9,1
2025,291820,10,0
2025,291820,11,0
2025,291830,1,66
2025,291830,2,17
2025,291830,3,2
2025,291830,4,20
2025,291830,5,28
2025,291830,6,0
2025,291830,7,0
2025,291830,8,11
2025,291830,9,1
2025,291830,10,0
2025,291830,11,0
2025,291835,1,136
2025,291835,2,32
2025,291835,3,1
2025,291835,4,28
2025,291835,5,59
2025,291835,6,1
2025,291835,7,1
2025,291835,8,4
2025,291835,9,0
2025,291835,10,0
2025,291835,11,0
2025,291840,1,1209
2025,291840,2,178
2025,291840,3,38
2025,291840,4,359
2025,291840,5,696
2025,291840,6,3
2025,291840,7,18
2025,291840,8,82
2025,291840,9,7
2025,291840,10,3
2025,291840,11,0
2025,291845,1,26
2025,291845,2,4
2025,291845,3,2
2025,291845,4,0
2025,291845,5,8
2025,291845,6,0
2025,291845,7,0
2025,291845,8,2
2025,291845,9,0
2025,291845,10,0
2025,291845,11,0
2025,291850,1,16
2025,291850,2,1
2025,291850,3,0
2025,291850,4,2
2025,291850,5,22
2025,291850,6,0
2025,291850,7,0
2025,291850,8,5
2025,291850,9,0
2025,291850,10,0
2025,291850,11,0
2025,291855,1,16
2025,291855,2,5
2025,291855,3,1
2025,291855,4,1
2025,291855,5,11
2025,291855,6,0
2025,291855,7,0
2025,291855,8,1
2025,291855,9,0
2025,291855,10,0
2025,291855,11,0
2025,291860,1,10
2025,291860,2,6
2025,291860,3,0
2025,291860,4,2
2025,291860,5,6
2025,291860,6,0
2025,291860,7,0
2025,291860,8,0
2025,291860,9,0
2025,291860,10,0
2025,291860,11,0
2025,291870,1,13
2025,291870,2,9
2025,291870,3,0
2025,291870,4,3
2025,291870,5,8
2025,291870,6,0
2025,291870,7,0
2025,291870,8,1
2025,291870,9,0
2025,291870,10,0
2025,291870,11,0
2025,291875,1,19
2025,291875,2,5
2025,291875,3,0
2025,291875,4,3
2025,291875,5,7
2025,291875,6,0
2025,291875,7,0
2025,291875,8,2
2025,291875,9,0
2025,291875,10,0
2025,291875,11,0
2025,291880,1,129
2025,291880,2,25
2025,291880,3,4
2025,291880,4,21
2025,291880,5,40
2025,291880,6,2
2025,291880,7,0
2025,291880,8,21
2025,291880,9,0
2025,291880,10,0
2025,291880,11,0
2025,291890,1,14
2025,291890,2,4
2025,291890,3,1
2025,291890,4,4
2025,291890,5,8
2025,291890,6,0
2025,291890,7,0
2025,291890,8,3
2025,291890,9,0
2025,291890,10,0
2025,291890,11,0
2025,291900,1,9
2025,291900,2,2
2025,291900,3,0
2025,291900,4,1
2025,291900,5,8
2025,291900,6,0
2025,291900,7,0
2025,291900,8,4
2025,291900,9,0
2025,291900,10,0
2025,291900,11,0
2025,291905,1,39
2025,291905,2,11
2025,291905,3,0
2025,291905,4,19
2025,291905,5,13
2025,291905,6,0
2025,291905,7,0
2025,291905,8,5
2025,291905,9,0
2025,291905,10,0
2025,291905,11,0
2025,291910,1,14
2025,291910,2,3
2025,291910,3,0
2025,291910,4,1
2025,291910,5,7
2025,291910,6,0
2025,291910,7,0
2025,291910,8,0
2025,291910,9,0
2025,291910,10,0
2025,291910,11,0
2025,291915,1,93
2025,291915,2,24
2025,291915,3,1
2025,291915,4,43
2025,291915,5,41
2025,291915,6,0
2025,291915,7,1
2025,291915,8,6
2025,291915,9,2
2025,291915,10,1
2025,291915,11,0
2025,291920,1,1107
2025,291920,2,146
2025,291920,3,30
2025,291920,4,171
2025,291920,5,327
2025,291920,6,3
2025,291920,7,1
2025,291920,8,44
2025,291920,9,0
2025,291920,10,1
2025,291920,11,0
2025,291930,1,63
2025,291930,2,24
2025,291930,3,1
2025,291930,4,17
2025,291930,5,26
2025,291930,6,2
2025,291930,7,1
2025,291930,8,7
2025,291930,9,0
2025,291930,10,0
2025,291930,11,0
2025,291940,1,14
2025,291940,2,6
2025,291940,3,2
2025,291940,4,12
2025,291940,5,10
2025,291940,6,0
2025,291940,7,0
2025,291940,8,2
2025,291940,9,0
2025,291940,10,0
2025,291940,11,0
2025,291950,1,191
2025,291950,2,61
2025,291950,3,13
2025,291950,4,70
2025,291950,5,67
2025,291950,6,2
2025,291950,7,1
2025,291950,8,9
2025,291950,9,0
2025,291950,10,0
2025,291950,11,0
2025,291955,1,698
2025,291955,2,89
2025,291955,3,17
2025,291955,4,317
2025,291955,5,321
2025,291955,6,7
2025,291955,7,3
2025,291955,8,53
2025,291955,9,2
2025,291955,10,3
2025,291955,11,0
2025,291960,1,60
2025,291960,2,4
2025,291960,3,3
2025,291960,4,5
2025,291960,5,23
2025,291960,6,0
2025,291960,7,0
2025,291960,8,7
2025,291960,9,0
2025,291960,10,0
2025,291960,11,0
2025,291970,1,57
2025,291970,2,7
2025,291970,3,0
2025,291970,4,16
2025,291970,5,18
2025,291970,6,0
2025,291970,7,1
2025,291970,8,3
2025,291970,9,0
2025,291970,10,1
2025,291970,11,0
2025,291980,1,138
2025,291980,2,46
2025,291980,3,4
2025,291980,4,14
2025,291980,5,60
2025,291980,6,0
2025,291980,7,0
2025,291980,8,20
2025,291980,9,3
2025,291980,10,0
2025,291980,11,0
2025,291990,1,14
2025,291990,2,2
2025,291990,3,0
2025,291990,4,14
2025,291990,5,5
2025,291990,6,0
2025,291990,7,0
2025,291990,8,7
2025,291990,9,0
2025,291990,10,0
2025,291990,11,0
2025,291992,1,155
2025,291992,2,29
2025,291992,3,3
2025,291992,4,39
2025,291992,5,73
2025,291992,6,0
2025,291992,7,1
2025,291992,8,4
2025,291992,9,0
2025,291992,10,0
2025,291992,11,0
2025,291995,1,14
2025,291995,2,3
2025,291995,3,0
2025,291995,4,1
2025,291995,5,9
2025,291995,6,0
2025,291995,7,1
2025,291995,8,1
2025,291995,9,0
2025,291995,10,0
2025,291995,11,0
2025,292000,1,51
2025,292000,2,32
2025,292000,3,2
2025,292000,4,12
2025,292000,5,18
2025,292000,6,1
2025,292000,7,0
2025,292000,8,5
2025,292000,9,0
2025,292000,10,0
2025,292000,11,0
2025,292010,1,26
2025,292010,2,3
2025,292010,3,2
2025,292010,4,1
2025,292010,5,17
2025,292010,6,0
2025,292010,7,0
2025,292010,8,1
2025,292010,9,0
2025,292010,10,0
2025,292010,11,0
2025,292020,1,55
2025,292020,2,12
2025,292020,3,3
2025,292020,4,12
2025,292020,5,32
2025,292020,6,0
2025,292020,7,0
2025,292020,8,3
2025,292020,9,0
2025,292020,10,0
2025,292020,11,0
2025,292030,1,18
2025,292030,2,2
2025,292030,3,1
2025,292030,4,3
2025,292030,5,8
2025,292030,6,0
2025,292030,7,0
2025,292030,8,2
2025,292030,9,0
2025,292030,10,0
2025,292030,11,0
2025,292040,1,48
2025,292040,2,17
2025,292040,3,2
2025,292040,4,11
2025,292040,5,36
2025,292040,6,1
2025,292040,7,0
2025,292040,8,3
2025,292040,9,0
2025,292040,10,0
2025,292040,11,0
2025,292045,1,38
2025,292045,2,2
2025,292045,3,2
2025,292045,4,6
2025,292045,5,20
2025,292045,6,1
2025,292045,7,0
2025,292045,8,2
2025,292045,9,0
2025,292045,10,0
2025,292045,11,0
2025,292050,1,152
2025,292050,2,46
2025,292050,3,3
2025,292050,4,70
2025,292050,5,65
2025,292050,6,0
2025,292050,7,1
2025,292050,8,10
2025,292050,9,1
2025,292050,10,0
2025,292050,11,0
2025,292060,1,90
2025,292060,2,25
2025,292060,3,0
2025,292060,4,31
2025,292060,5,24
2025,292060,6,2
2025,292060,7,0
2025,292060,8,7
2025,292060,9,0
2025,292060,10,1
2025,292060,11,0
2025,292070,1,106
2025,292070,2,30
2025,292070,3,4
2025,292070,4,14
2025,292070,5,46
2025,292070,6,1
2025,292070,7,0
2025,292070,8,14
2025,292070,9,0
2025,292070,10,0
2025,292070,11,0
2025,292080,1,46
2025,292080,2,1
2025,292080,3,0
2025,292080,4,23
2025,292080,5,6
2025,292080,6,0
2025,292080,7,1
2025,292080,8,5
2025,292080,9,0
2025,292080,10,0
2025,292080,11,0
2025,292090,1,45
2025,292090,2,12
2025,292090,3,0
2025,292090,4,25
2025,292090,5,28
2025,292090,6,0
2025,292090,7,1
2025,292090,8,10
2025,292090,9,2
2025,292090,10,0
2025,292090,11,0
2025,292100,1,222
2025,292100,2,41
2025,292100,3,12
2025,292100,4,28
2025,292100,5,90
2025,292100,6,0
2025,292100,7,2
2025,292100,8,21
2025,292100,9,1
2025,292100,10,1
2025,292100,11,0
2025,292105,1,18
2025,292105,2,9
2025,292105,3,1
2025,292105,4,2
2025,292105,5,8
2025,292105,6,0
2025,292105,7,0
2025,292105,8,6
2025,292105,9,0
2025,292105,10,1
2025,292105,11,0
2025,292110,1,42
2025,292110,2,11
2025,292110,3,1
2025,292110,4,24
2025,292110,5,31
2025,292110,6,0
2025,292110,7,3
2025,292110,8,8
2025,292110,9,2
2025,292110,10,0
2025,292110,11,0
2025,292120,1,40
2025,292120,2,12
2025,292120,3,0
2025,292120,4,4
2025,292120,5,21
2025,292120,6,1
2025,292120,7,0
2025,292120,8,4
2025,292120,9,1
2025,292120,10,0
2025,292120,11,0
2025,292130,1,70
2025,292130,2,40
2025,292130,3,2
2025,292130,4,48
2025,292130,5,20
2025,292130,6,0
2025,292130,7,0
2025,292130,8,4
2025,292130,9,0
2025,292130,10,0
2025,292130,11,0
2025,292140,1,50
2025,292140,2,12
2025,292140,3,1
2025,292140,4,21
2025,292140,5,21
2025,292140,6,0
2025,292140,7,0
2025,292140,8,5
2025,292140,9,0
2025,292140,10,0
2025,292140,11,0
2025,292145,1,17
2025,292145,2,7
2025,292145,3,1
2025,292145,4,8
2025,292145,5,3
2025,292145,6,0
2025,292145,7,0
2025,292145,8,2
2025,292145,9,0
2025,292145,10,0
2025,292145,11,0
2025,292150,1,91
2025,292150,2,16
2025,292150,3,1
2025,292150,4,27
2025,292150,5,46
2025,292150,6,0
2025,292150,7,0
2025,292150,8,29
2025,292150,9,0
2025,292150,10,0
2025,292150,11,0
2025,292160,1,34
2025,292160,2,9
2025,292160,3,0
2025,292160,4,0
2025,292160,5,14
2025,292160,6,0
2025,292160,7,0
2025,292160,8,1
2025,292160,9,0
2025,292160,10,0
2025,292160,11,0
2025,292170,1,106
2025,292170,2,19
2025,292170,3,8
2025,292170,4,53
2025,292170,5,56
2025,292170,6,0
2025,292170,7,1
2025,292170,8,24
2025,292170,9,0
2025,292170,10,0
2025,292170,11,0
2025,292180,1,10
2025,292180,2,3
2025,292180,3,0
2025,292180,4,8
2025,292180,5,5
2025,292180,6,0
2025,292180,7,0
2025,292180,8,5
2025,292180,9,0
2025,292180,10,0
2025,292180,11,0
2025,292190,1,39
2025,292190,2,11
2025,292190,3,0
2025,292190,4,16
2025,292190,5,15
2025,292190,6,0
2025,292190,7,1
2025,292190,8,5
2025,292190,9,0
2025,292190,10,0
2025,292190,11,0
2025,292200,1,175
2025,292200,2,28
2025,292200,3,7
2025,292200,4,33
2025,292200,5,77
2025,292200,6,1
2025,292200,7,7
2025,292200,8,16
2025,292200,9,0
2025,292200,10,0
2025,292200,11,0
2025,292205,1,40
2025,292205,2,8
2025,292205,3,1
2025,292205,4,10
2025,292205,5,32
2025,292205,6,0
2025,292205,7,1
2025,292205,8,6
2025,292205,9,0
2025,292205,10,0
2025,292205,11,0
2025,292210,1,71
2025,292210,2,14
2025,292210,3,2
2025,292210,4,9
2025,292210,5,24
2025,292210,6,0
2025,292210,7,3
2025,292210,8,4
2025,292210,9,0
2025,292210,10,1
2025,292210,11,0
2025,292220,1,25
2025,292220,2,18
2025,292220,3,1
2025,292220,4,1
2025,292220,5,15
2025,292220,6,0
2025,292220,7,1
2025,292220,8,4
2025,292220,9,0
2025,292220,10,0
2025,292220,11,0
2025,292225,1,43
2025,292225,2,0
2025,292225,3,2
2025,292225,4,2
2025,292225,5,15
2025,292225,6,0
2025,292225,7,0
2025,292225,8,4
2025,292225,9,0
2025,292225,10,0
2025,292225,11,0
2025,292230,1,60
2025,292230,2,13
2025,292230,3,0
2025,292230,4,11
2025,292230,5,16
2025,292230,6,0
2025,292230,7,0
2025,292230,8,6
2025,292230,9,1
2025,292230,10,0
2025,292230,11,0
2025,292240,1,77
2025,292240,2,17
2025,292240,3,3
2025,292240,4,8
2025,292240,5,27
2025,292240,6,0
2025,292240,7,1
2025,292240,8,6
2025,292240,9,0
2025,292240,10,0
2025,292240,11,0
2025,292250,1,92
2025,292250,2,25
2025,292250,3,5
2025,292250,4,21
2025,292250,5,34
2025,292250,6,0
2025,292250,7,1
2025,292250,8,4
2025,292250,9,1
2025,292250,10,0
2025,292250,11,0
2025,292260,1,23
2025,292260,2,7
2025,292260,3,0
2025,292260,4,0
2025,292260,5,7
2025,292260,6,0
2025,292260,7,0
2025,292260,8,4
2025,292260,9,0
2025,292260,10,0
2025,292260,11,0
2025,292265,1,55
2025,292265,2,12
2025,292265,3,0
2025,292265,4,3
2025,292265,5,26
2025,292265,6,1
2025,292265,7,0
2025,292265,8,1
2025,292265,9,0
2025,292265,10,0
2025,292265,11,0
2025,292270,1,31
2025,292270,2,5
2025,292270,3,0
2025,292270,4,4
2025,292270,5,18
2025,292270,6,0
2025,292270,7,0
2025,292270,8,6
2025,292270,9,0
2025,292270,10,0
2025,292270,11,0
2025,292273,1,15
2025,292273,2,4
2025,292273,3,0
2025,292273,4,22
2025,292273,5,8
2025,292273,6,0
2025,292273,7,0
2025,292273,8,1
2025,292273,9,0
2025,292273,10,0
2025,292273,11,0
2025,292275,1,15
2025,292275,2,1
2025,292275,3,0
2025,292275,4,10
2025,292275,5,3
2025,292275,6,0
2025,292275,7,0
2025,292275,8,1
2025,292275,9,0
2025,292275,10,1
2025,292275,11,0
2025,292280,1,44
2025,292280,2,18
2025,292280,3,1
2025,292280,4,28
2025,292280,5,9
2025,292280,6,0
2025,292280,7,1
2025,292280,8,1
2025,292280,9,0
2025,292280,10,0
2025,292280,11,0
2025,292285,1,50
2025,292285,2,10
2025,292285,3,2
2025,292285,4,31
2025,292285,5,20
2025,292285,6,0
2025,292285,7,1
2025,292285,8,6
2025,292285,9,0
2025,292285,10,0
2025,292285,11,0
2025,292290,1,82
2025,292290,2,18
2025,292290,3,3
2025,292290,4,32
2025,292290,5,37
2025,292290,6,0
2025,292290,7,0
2025,292290,8,8
2025,292290,9,1
2025,292290,10,1
2025,292290,11,0
2025,292300,1,217
2025,292300,2,38
2025,292300,3,6
2025,292300,4,72
2025,292300,5,89
2025,292300,6,5
2025,292300,7,0
2025,292300,8,15
2025,292300,9,2
2025,292300,10,0
2025,292300,11,0
2025,292303,1,22
2025,292303,2,13
2025,292303,3,0
2025,292303,4,2
2025,292303,5,13
2025,292303,6,0
2025,292303,7,0
2025,292303,8,5
2025,292303,9,0
2025,292303,10,0
2025,292303,11,0
2025,292305,1,9
2025,292305,2,2
2025,292305,3,0
2025,292305,4,3
2025,292305,5,7
2025,292305,6,0
2025,292305,7,0
2025,292305,8,0
2025,292305,9,0
2025,292305,10,0
2025,292305,11,0
2025,292310,1,95
2025,292310,2,6
2025,292310,3,3
2025,292310,4,10
2025,292310,5,26
2025,292310,6,0
2025,292310,7,0
2025,292310,8,10
2025,292310,9,0
2025,292310,10,0
2025,292310,11,0
2025,292320,1,84
2025,292320,2,14
2025,292320,3,0
2025,292320,4,8
2025,292320,5,50
2025,292320,6,0
2025,292320,7,3
2025,292320,8,11
2025,292320,9,0
2025,292320,10,0
2025,292320,11,0
2025,292330,1,31
2025,292330,2,6
2025,292330,3,2
2025,292330,4,0
2025,292330,5,8
2025,292330,6,0
2025,292330,7,0
2025,292330,8,4
2025,292330,9,0
2025,292330,10,0
2025,292330,11,0
2025,292335,1,30
2025,292335,2,10
2025,292335,3,1
2025,292335,4,17
2025,292335,5,29
2025,292335,6,0
2025,292335,7,0
2025,292335,8,1
2025,292335,9,1
2025,292335,10,0
2025,292335,11,0
2025,292340,1,68
2025,292340,2,27
2025,292340,3,3
2025,292340,4,52
2025,292340,5,38
2025,292340,6,0
2025,292340,7,0
2025,292340,8,6
2025,292340,9,0
2025,292340,10,0
2025,292340,11,0
2025,292350,1,38
2025,292350,2,7
2025,292350,3,5
2025,292350,4,15
2025,292350,5,23
2025,292350,6,0
2025,292350,7,0
2025,292350,8,11
2025,292350,9,0
2025,292350,10,0
2025,292350,11,0
2025,292360,1,114
2025,292360,2,11
2025,292360,3,5
2025,292360,4,49
2025,292360,5,47
2025,292360,6,0
2025,292360,7,0
2025,292360,8,5
2025,292360,9,0
2025,292360,10,0
2025,292360,11,0
2025,292370,1,101
2025,292370,2,47
2025,292370,3,4
2025,292370,4,5
2025,292370,5,54
2025,292370,6,1
2025,292370,7,2
2025,292370,8,17
2025,292370,9,0
2025,292370,10,0
2025,292370,11,0
2025,292380,1,83
2025,292380,2,10
2025,292380,3,0
2025,292380,4,57
2025,292380,5,23
2025,292380,6,0
2025,292380,7,0
2025,292380,8,6
2025,292380,9,0
2025,292380,10,0
2025,292380,11,0
2025,292390,1,19
2025,292390,2,15
2025,292390,3,0
2025,292390,4,21
2025,292390,5,11
2025,292390,6,0
2025,292390,7,1
2025,292390,8,10
2025,292390,9,1
2025,292390,10,0
2025,292390,11,0
2025,292400,1,700
2025,292400,2,149
2025,292400,3,15
2025,292400,4,457
2025,292400,5,357
2025,292400,6,4
2025,292400,7,3
2025,292400,8,61
2025,292400,9,3
2025,292400,10,0
2025,292400,11,0
2025,292405,1,25
2025,292405,2,4
2025,292405,3,1
2025,292405,4,18
2025,292405,5,13
2025,292405,6,0
2025,292405,7,0
2025,292405,8,2
2025,292405,9,0
2025,292405,10,0
2025,292405,11,0
2025,292410,1,26
2025,292410,2,8
2025,292410,3,0
2025,292410,4,7
2025,292410,5,7
2025,292410,6,0
2025,292410,7,0
2025,292410,8,3
2025,292410,9,0
2025,292410,10,0
2025,292410,11,0
2025,292420,1,22
2025,292420,2,3
2025,292420,3,1
2025,292420,4,13
2025,292420,5,8
2025,292420,6,0
2025,292420,7,0
2025,292420,8,6
2025,292420,9,0
2025,292420,10,1
2025,292420,11,0
2025,292430,1,36
2025,292430,2,13
2025,292430,3,5
2025,292430,4,15
2025,292430,5,14
2025,292430,6,0
2025,292430,7,0
2025,292430,8,1
2025,292430,9,0
2025,292430,10,0
2025,292430,11,0
2025,292440,1,79
2025,292440,2,21
2025,292440,3,4
2025,292440,4,48
2025,292440,5,49
2025,292440,6,3
2025,292440,7,2
2025,292440,8,18
2025,292440,9,0
2025,292440,10,0
2025,292440,11,0
2025,292450,1,35
2025,292450,2,9
2025,292450,3,4
2025,292450,4,5
2025,292450,5,10
2025,292450,6,0
2025,292450,7,0
2025,292450,8,1
2025,292450,9,0
2025,292450,10,0
2025,292450,11,0
2025,292460,1,65
2025,292460,2,27
2025,292460,3,1
2025,292460,4,49
2025,292460,5,47
2025,292460,6,0
2025,292460,7,0
2025,292460,8,9
2025,292460,9,0
2025,292460,10,0
2025,292460,11,0
2025,292465,1,22
2025,292465,2,7
2025,292465,3,1
2025,292465,4,7
2025,292465,5,10
2025,292465,6,0
2025,292465,7,2
2025,292465,8,4
2025,292465,9,0
2025,292465,10,0
2025,292465,11,0
2025,292467,1,27
2025,292467,2,7
2025,292467,3,2
2025,292467,4,1
2025,292467,5,12
2025,292467,6,1
2025,292467,7,0
2025,292467,8,11
2025,292467,9,0
2025,292467,10,0
2025,292467,11,0
2025,292470,1,26
2025,292470,2,6
2025,292470,3,0
2025,292470,4,12
2025,292470,5,10
2025,292470,6,0
2025,292470,7,0
2025,292470,8,5
2025,292470,9,0
2025,292470,10,0
2025,292470,11,0
2025,292480,1,59
2025,292480,2,12
2025,292480,3,0
2025,292480,4,4
2025,292480,5,30
2025,292480,6,0
2025,292480,7,1
2025,292480,8,3
2025,292480,9,0
2025,292480,10,0
2025,292480,11,0
2025,292490,1,29
2025,292490,2,1
2025,292490,3,0
2025,292490,4,2
2025,292490,5,7
2025,292490,6,0
2025,292490,7,0
2025,292490,8,2
2025,292490,9,0
2025,292490,10,0
2025,292490,11,0
2025,292500,1,100
2025,292500,2,21
2025,292500,3,5
2025,292500,4,26
2025,292500,5,43
2025,292500,6,0
2025,292500,7,2
2025,292500,8,5
2025,292500,9,0
2025,292500,10,1
2025,292500,11,0
2025,292510,1,267
2025,292510,2,62
2025,292510,3,3
2025,292510,4,128
2025,292510,5,68
2025,292510,6,2
2025,292510,7,0
2025,292510,8,19
2025,292510,9,0
2025,292510,10,0
2025,292510,11,0
2025,292520,1,119
2025,292520,2,33
2025,292520,3,6
2025,292520,4,16
2025,292520,5,64
2025,292520,6,3
2025,292520,7,3
2025,292520,8,11
2025,292520,9,0
2025,292520,10,0
2025,292520,11,0
2025,292525,1,89
2025,292525,2,7
2025,292525,3,2
2025,292525,4,18
2025,292525,5,44
2025,292525,6,0
2025,292525,7,1
2025,292525,8,5
2025,292525,9,0
2025,292525,10,0
2025,292525,11,0
2025,292530,1,799
2025,292530,2,187
2025,292530,3,43
2025,292530,4,325
2025,292530,5,331
2025,292530,6,3
2025,292530,7,9
2025,292530,8,59
2025,292530,9,7
2025,292530,10,0
2025,292530,11,1
2025,292540,1,33
2025,292540,2,11
2025,292540,3,0
2025,292540,4,3
2025,292540,5,11
2025,292540,6,0
2025,292540,7,1
2025,292540,8,5
2025,292540,9,0
2025,292540,10,0
2025,292540,11,0
2025,292550,1,136
2025,292550,2,30
2025,292550,3,3
2025,292550,4,16
2025,292550,5,90
2025,292550,6,2
2025,292550,7,4
2025,292550,8,30
2025,292550,9,1
2025,292550,10,0
2025,292550,11,0
2025,292560,1,35
2025,292560,2,10
2025,292560,3,1
2025,292560,4,2
2025,292560,5,18
2025,292560,6,0
2025,292560,7,1
2025,292560,8,6
2025,292560,9,0
2025,292560,10,0
2025,292560,11,0
2025,292570,1,17
2025,292570,2,7
2025,292570,3,0
2025,292570,4,0
2025,292570,5,17
2025,292570,6,0
2025,292570,7,0
2025,292570,8,1
2025,292570,9,0
2025,292570,10,0
2025,292570,11,0
2025,292575,1,97
2025,292575,2,18
2025,292575,3,3
2025,292575,4,11
2025,292575,5,47
2025,292575,6,2
2025,292575,7,4
2025,292575,8,10
2025,292575,9,3
2025,292575,10,0
2025,292575,11,0
2025,292580,1,72
2025,292580,2,31
2025,292580,3,2
2025,292580,4,9
2025,292580,5,45
2025,292580,6,0
2025,292580,7,0
2025,292580,8,11
2025,292580,9,0
2025,292580,10,2
2025,292580,11,0
2025,292590,1,60
2025,292590,2,5
2025,292590,3,2
2025,292590,4,6
2025,292590,5,29
2025,292590,6,1
2025,292590,7,0
2025,292590,8,8
2025,292590,9,0
2025,292590,10,0
2025,292590,11,0
2025,292593,1,30
2025,292593,2,4
2025,292593,3,0
2025,292593,4,3
2025,292593,5,27
2025,292593,6,0
2025,292593,7,0
2025,292593,8,3
2025,292593,9,0
2025,292593,10,0
2025,292593,11,0
2025,292595,1,76
2025,292595,2,16
2025,292595,3,0
2025,292595,4,45
2025,292595,5,21
2025,292595,6,1
2025,292595,7,0
2025,292595,8,1
2025,292595,9,0
2025,292595,10,0
2025,292595,11,0
2025,292600,1,242
2025,292600,2,48
2025,292600,3,4
2025,292600,4,16
2025,292600,5,123
2025,292600,6,0
2025,292600,7,0
2025,292600,8,41
2025,292600,9,0
2025,292600,10,1
2025,292600,11,0
2025,292610,1,31
2025,292610,2,5
2025,292610,3,0
2025,292610,4,4
2025,292610,5,21
2025,292610,6,0
2025,292610,7,0
2025,292610,8,7
2025,292610,9,0
2025,292610,10,0
2025,292610,11,0
2025,292620,1,80
2025,292620,2,19
2025,292620,3,1
2025,292620,4,24
2025,292620,5,33
2025,292620,6,1
2025,292620,7,3
2025,292620,8,5
2025,292620,9,0
2025,292620,10,0
2025,292620,11,0
2025,292630,1,157
2025,292630,2,16
2025,292630,3,0
2025,292630,4,72
2025,292630,5,84
2025,292630,6,0
2025,292630,7,1
2025,292630,8,8
2025,292630,9,0
2025,292630,10,1
2025,292630,11,0
2025,292640,1,77
2025,292640,2,26
2025,292640,3,16
2025,292640,4,15
2025,292640,5,30
2025,292640,6,0
2025,292640,7,0
2025,292640,8,24
2025,292640,9,0
2025,292640,10,1
2025,292640,11,0
2025,292650,1,35
2025,292650,2,6
2025,292650,3,1
2025,292650,4,19
2025,292650,5,5
2025,292650,6,0
2025,292650,7,0
2025,292650,8,10
2025,292650,9,0
2025,292650,10,0
2025,292650,11,0
2025,292660,1,112
2025,292660,2,26
2025,292660,3,6
2025,292660,4,19
2025,292660,5,50
2025,292660,6,2
2025,292660,7,0
2025,292660,8,16
2025,292660,9,0
2025,292660,10,0
2025,292660,11,0
2025,292665,1,38
2025,292665,2,8
2025,292665,3,1
2025,292665,4,6
2025,292665,5,16
2025,292665,6,0
2025,292665,7,1
2025,292665,8,4
2025,292665,9,0
2025,292665,10,0
2025,292665,11,0
2025,292670,1,31
2025,292670,2,9
2025,292670,3,4
2025,292670,4,7
2025,292670,5,15
2025,292670,6,0
2025,292670,7,0
2025,292670,8,1
2025,292670,9,0
2025,292670,10,0
2025,292670,11,0
2025,292680,1,32
2025,292680,2,15
2025,292680,3,1
2025,292680,4,10
2025,292680,5,16
2025,292680,6,0
2025,292680,7,0
2025,292680,8,6
2025,292680,9,0
2025,292680,10,0
2025,292680,11,0
2025,292690,1,20
2025,292690,2,12
2025,292690,3,1
2025,292690,4,9
2025,292690,5,3
2025,292690,6,0
2025,292690,7,0
2025,292690,8,1
2025,292690,9,0
2025,292690,10,0
2025,292690,11,0
2025,292700,1,157
2025,292700,2,32
2025,292700,3,10
2025,292700,4,48
2025,292700,5,99
2025,292700,6,1
2025,292700,7,6
2025,292700,8,17
2025,292700,9,0
2025,292700,10,1
2025,292700,11,0
2025,292710,1,23
2025,292710,2,0
2025,292710,3,0
2025,292710,4,6
2025,292710,5,16
2025,292710,6,0
2025,292710,7,0
2025,292710,8,8
2025,292710,9,0
2025,292710,10,0
2025,292710,11,0
2025,292720,1,254
2025,292720,2,86
2025,292720,3,3
2025,292720,4,29
2025,292720,5,114
2025,292720,6,4
2025,292720,7,5
2025,292720,8,24
2025,292720,9,0
2025,292720,10,0
2025,292720,11,0
2025,292730,1,74
2025,292730,2,17
2025,292730,3,2
2025,292730,4,13
2025,292730,5,46
2025,292730,6,0
2025,292730,7,0
2025,292730,8,5
2025,292730,9,0
2025,292730,10,1
2025,292730,11,0
2025,292740,1,10728
2025,292740,2,1489
2025,292740,3,380
2025,292740,4,4060
2025,292740,5,3473
2025,292740,6,40
2025,292740,7,73
2025,292740,8,566
2025,292740,9,49
2025,292740,10,11
2025,292740,11,3
2025,292750,1,83
2025,292750,2,15
2025,292750,3,0
2025,292750,4,26
2025,292750,5,42
2025,292750,6,0
2025,292750,7,1
2025,292750,8,5
2025,292750,9,1
2025,292750,10,0
2025,292750,11,0
2025,292760,1,34
2025,292760,2,18
2025,292760,3,3
2025,292760,4,10
2025,292760,5,21
2025,292760,6,0
2025,292760,7,0
2025,292760,8,7
2025,292760,9,0
2025,292760,10,0
2025,292760,11,0
2025,292770,1,101
2025,292770,2,19
2025,292770,3,1
2025,292770,4,35
2025,292770,5,45
2025,292770,6,2
2025,292770,7,2
2025,292770,8,10
2025,292770,9,1
2025,292770,10,0
2025,292770,11,0
2025,292780,1,14
2025,292780,2,9
2025,292780,3,1
2025,292780,4,6
2025,292780,5,4
2025,292780,6,0
2025,292780,7,0
2025,292780,8,2
2025,292780,9,1
2025,292780,10,0
2025,292780,11,0
2025,292790,1,56
2025,292790,2,13
2025,292790,3,1
2025,292790,4,23
2025,292790,5,18
2025,292790,6,0
2025,292790,7,1
2025,292790,8,9
2025,292790,9,0
2025,292790,10,0
2025,292790,11,0
2025,292800,1,166
2025,292800,2,45
2025,292800,3,5
2025,292800,4,29
2025,292800,5,85
2025,292800,6,0
2025,292800,7,1
2025,292800,8,8
2025,292800,9,0
2025,292800,10,0
2025,292800,11,0
2025,292805,1,33
2025,292805,2,3
2025,292805,3,1
2025,292805,4,24
2025,292805,5,11
2025,292805,6,0
2025,292805,7,2
2025,292805,8,7
2025,292805,9,0
2025,292805,10,0
2025,292805,11,0
2025,292810,1,171
2025,292810,2,30
2025,292810,3,7
2025,292810,4,37
2025,292810,5,85
2025,292810,6,0
2025,292810,7,2
2025,292810,8,13
2025,292810,9,1
2025,292810,10,1
2025,292810,11,0
2025,292820,1,129
2025,292820,2,34
2025,292820,3,3
2025,292820,4,57
2025,292820,5,60
2025,292820,6,1
2025,292820,7,0
2025,292820,8,7
2025,292820,9,0
2025,292820,10,1
2025,292820,11,0
2025,292830,1,39
2025,292830,2,11
2025,292830,3,3
2025,292830,4,9
2025,292830,5,15
2025,292830,6,0
2025,292830,7,1
2025,292830,8,0
2025,292830,9,0
2025,292830,10,0
2025,292830,11,0
2025,292840,1,235
2025,292840,2,55
2025,292840,3,5
2025,292840,4,9
2025,292840,5,64
2025,292840,6,0
2025,292840,7,0
2025,292840,8,11
2025,292840,9,0
2025,292840,10,0
2025,292840,11,0
2025,292850,1,28
2025,292850,2,6
2025,292850,3,1
2025,292850,4,10
2025,292850,5,14
2025,292850,6,0
2025,292850,7,0
2025,292850,8,0
2025,292850,9,0
2025,292850,10,0
2025,292850,11,0
2025,292860,1,232
2025,292860,2,58
2025,292860,3,6
2025,292860,4,45
2025,292860,5,95
2025,292860,6,1
2025,292860,7,1
2025,292860,8,9
2025,292860,9,5
2025,292860,10,0
2025,292860,11,0
2025,292870,1,490
2025,292870,2,120
2025,292870,3,26
2025,292870,4,167
2025,292870,5,245
2025,292870,6,6
2025,292870,7,9
2025,292870,8,32
2025,292870,9,0
2025,292870,10,0
2025,292870,11,0
2025,292880,1,252
2025,292880,2,36
2025,292880,3,8
2025,292880,4,63
2025,292880,5,110
2025,292880,6,4
2025,292880,7,1
2025,292880,8,28
2025,292880,9,0
2025,292880,10,1
2025,292880,11,0
2025,292890,1,64
2025,292890,2,10
2025,292890,3,1
2025,292890,4,26
2025,292890,5,50
2025,292890,6,1
2025,292890,7,0
2025,292890,8,10
2025,292890,9,1
2025,292890,10,0
2025,292890,11,0
2025,292895,1,24
2025,292895,2,6
2025,292895,3,0
2025,292895,4,4
2025,292895,5,22
2025,292895,6,0
2025,292895,7,0
2025,292895,8,1
2025,292895,9,0
2025,292895,10,0
2025,292895,11,0
2025,292900,1,42
2025,292900,2,6
2025,292900,3,0
2025,292900,4,4
2025,292900,5,6
2025,292900,6,0
2025,292900,7,0
2025,292900,8,3
2025,292900,9,1
2025,292900,10,0
2025,292900,11,0
2025,292905,1,65
2025,292905,2,20
2025,292905,3,4
2025,292905,4,7
2025,292905,5,19
2025,292905,6,1
2025,292905,7,1
2025,292905,8,9
2025,292905,9,0
2025,292905,10,0
2025,292905,11,0
2025,292910,1,39
2025,292910,2,23
2025,292910,3,5
2025,292910,4,35
2025,292910,5,13
2025,292910,6,0
2025,292910,7,1
2025,292910,8,3
2025,292910,9,0
2025,292910,10,0
2025,292910,11,0
2025,292920,1,253
2025,292920,2,48
2025,292920,3,4
2025,292920,4,20
2025,292920,5,81
2025,292920,6,1
2025,292920,7,2
2025,292920,8,11
2025,292920,9,1
2025,292920,10,0
2025,292920,11,0
2025,292925,1,45
2025,292925,2,19
2025,292925,3,3
2025,292925,4,25
2025,292925,5,23
2025,292925,6,0
2025,292925,7,2
2025,292925,8,4
2025,292925,9,0
2025,292925,10,0
2025,292925,11,0
2025,292930,1,131
2025,292930,2,17
2025,292930,3,3
2025,292930,4,20
2025,292930,5,51
2025,292930,6,0
2025,292930,7,0
2025,292930,8,11
2025,292930,9,1
2025,292930,10,0
2025,292930,11,0
2025,292935,1,18
2025,292935,2,11
2025,292935,3,2
2025,292935,4,14
2025,292935,5,10
2025,292935,6,0
2025,292935,7,0
2025,292935,8,1
2025,292935,9,0
2025,292935,10,0
2025,292935,11,0
2025,292937,1,22
2025,292937,2,1
2025,292937,3,0
2025,292937,4,13
2025,292937,5,8
2025,292937,6,0
2025,292937,7,0
2025,292937,8,2
2025,292937,9,1
2025,292937,10,0
2025,292937,11,0
2025,292940,1,22
2025,292940,2,1
2025,292940,3,4
2025,292940,4,5
2025,292940,5,7
2025,292940,6,2
2025,292940,7,1
2025,292940,8,4
2025,292940,9,0
2025,292940,10,0
2025,292940,11,0
2025,292950,1,153
2025,292950,2,28
2025,292950,3,2
2025,292950,4,20
2025,292950,5,68
2025,292950,6,0
2025,292950,7,2
2025,292950,8,21
2025,292950,9,1
2025,292950,10,0
2025,292950,11,0
2025,292960,1,49
2025,292960,2,5
2025,292960,3,0
2025,292960,4,21
2025,292960,5,20
2025,292960,6,0
2025,292960,7,0
2025,292960,8,1
2025,292960,9,1
2025,292960,10,0
2025,292960,11,0
2025,292970,1,71
2025,292970,2,36
2025,292970,3,0
2025,292970,4,12
2025,292970,5,29
2025,292970,6,0
2025,292970,7,0
2025,292970,8,11
2025,292970,9,0
2025,292970,10,0
2025,292970,11,0
2025,292975,1,49
2025,292975,2,7
2025,292975,3,0
2025,292975,4,14
2025,292975,5,27
2025,292975,6,0
2025,292975,7,0
2025,292975,8,5
2025,292975,9,1
2025,292975,10,0
2025,292975,11,0
2025,292980,1,32
2025,292980,2,19
2025,292980,3,3
2025,292980,4,37
2025,292980,5,23
2025,292980,6,0
2025,292980,7,0
2025,292980,8,3
2025,292980,9,0
2025,292980,10,0
2025,292980,11,0
2025,292990,1,222
2025,292990,2,45
2025,292990,3,12
2025,292990,4,61
2025,292990,5,98
2025,292990,6,0
2025,292990,7,1
2025,292990,8,25
2025,292990,9,0
2025,292990,10,0
2025,292990,11,0
2025,293000,1,19
2025,293000,2,8
2025,293000,3,2
2025,293000,4,6
2025,293000,5,16
2025,293000,6,0
2025,293000,7,0
2025,293000,8,1
2025,293000,9,0
2025,293000,10,0
2025,293000,11,0
2025,293010,1,355
2025,293010,2,37
2025,293010,3,6
2025,293010,4,243
2025,293010,5,230
2025,293010,6,1
2025,293010,7,6
2025,293010,8,32
2025,293010,9,0
2025,293010,10,0
2025,293010,11,0
2025,293015,1,123
2025,293015,2,31
2025,293015,3,2
2025,293015,4,7
2025,293015,5,73
2025,293015,6,3
2025,293015,7,3
2025,293015,8,11
2025,293015,9,1
2025,293015,10,1
2025,293015,11,0
2025,293020,1,115
2025,293020,2,26
2025,293020,3,4
2025,293020,4,31
2025,293020,5,62
2025,293020,6,0
2025,293020,7,3
2025,293020,8,13
2025,293020,9,0
2025,293020,10,0
2025,293020,11,0
2025,293030,1,37
2025,293030,2,26
2025,293030,3,1
2025,293030,4,4
2025,293030,5,12
2025,293030,6,0
2025,293030,7,0
2025,293030,8,1
2025,293030,9,0
2025,293030,10,0
2025,293030,11,0
2025,293040,1,51
2025,293040,2,21
2025,293040,3,1
2025,293040,4,15
2025,293040,5,28
2025,293040,6,1
2025,293040,7,3
2025,293040,8,1
2025,293040,9,0
2025,293040,10,0
2025,293040,11,0
2025,293050,1,343
2025,293050,2,62
2025,293050,3,12
2025,293050,4,52
2025,293050,5,154
2025,293050,6,0
2025,293050,7,4
2025,293050,8,18
2025,293050,9,3
2025,293050,10,2
2025,293050,11,0
2025,293060,1,45
2025,293060,2,10
2025,293060,3,1
2025,293060,4,19
2025,293060,5,21
2025,293060,6,0
2025,293060,7,0
2025,293060,8,1
2025,293060,9,1
2025,293060,10,0
2025,293060,11,0
2025,293070,1,504
2025,293070,2,61
2025,293070,3,12
2025,293070,4,44
2025,293070,5,177
2025,293070,6,4
2025,293070,7,5
2025,293070,8,24
2025,293070,9,5
2025,293070,10,2
2025,293070,11,0
2025,293075,1,50
2025,293075,2,3
2025,293075,3,2
2025,293075,4,46
2025,293075,5,21
2025,293075,6,0
2025,293075,7,0
2025,293075,8,11
2025,293075,9,0
2025,293075,10,1
2025,293075,11,0
2025,293076,1,31
2025,293076,2,29
2025,293076,3,1
2025,293076,4,0
2025,293076,5,10
2025,293076,6,0
2025,293076,7,0
2025,293076,8,2
2025,293076,9,0
2025,293076,10,0
2025,293076,11,0
2025,293077,1,137
2025,293077,2,27
2025,293077,3,6
2025,293077,4,58
2025,293077,5,69
2025,293077,6,0
2025,293077,7,2
2025,293077,8,11
2025,293077,9,0
2025,293077,10,0
2025,293077,11,0
2025,293080,1,61
2025,293080,2,26
2025,293080,3,0
2025,293080,4,0
2025,293080,5,18
2025,293080,6,0
2025,293080,7,0
2025,293080,8,4
2025,293080,9,0
2025,293080,10,0
2025,293080,11,0
2025,293090,1,25
2025,293090,2,1
2025,293090,3,0
2025,293090,4,2
2025,293090,5,7
2025,293090,6,0
2025,293090,7,0
2025,293090,8,0
2025,293090,9,0
2025,293090,10,1
2025,293090,11,0
2025,293100,1,43
2025,293100,2,15
2025,293100,3,3
2025,293100,4,29
2025,293100,5,24
2025,293100,6,0
2025,293100,7,0
2025,293100,8,2
2025,293100,9,0
2025,293100,10,0
2025,293100,11,0
2025,293105,1,50
2025,293105,2,16
2025,293105,3,1
2025,293105,4,3
2025,293105,5,9
2025,293105,6,1
2025,293105,7,0
2025,293105,8,1
2025,293105,9,1
2025,293105,10,0
2025,293105,11,0
2025,293110,1,40
2025,293110,2,8
2025,293110,3,1
2025,293110,4,15
2025,293110,5,14
2025,293110,6,0
2025,293110,7,0
2025,293110,8,7
2025,293110,9,0
2025,293110,10,0
2025,293110,11,0
2025,293120,1,57
2025,293120,2,14
2025,293120,3,0
2025,293120,4,20
2025,293120,5,20
2025,293120,6,0
2025,293120,7,0
2025,293120,8,8
2025,293120,9,0
2025,293120,10,0
2025,293120,11,0
2025,293130,1,43
2025,293130,2,8
2025,293130,3,2
2025,293130,4,15
2025,293130,5,24
2025,293130,6,0
2025,293130,7,0
2025,293130,8,6
2025,293130,9,0
2025,293130,10,0
2025,293130,11,0
2025,293135,1,634
2025,293135,2,82
2025,293135,3,30
2025,293135,4,204
2025,293135,5,296
2025,293135,6,3
2025,293135,7,7
2025,293135,8,37
2025,293135,9,7
2025,293135,10,1
2025,293135,11,0
2025,293140,1,32
2025,293140,2,10
2025,293140,3,0
2025,293140,4,20
2025,293140,5,12
2025,293140,6,1
2025,293140,7,0
2025,293140,8,2
2025,293140,9,0
2025,293140,10,0
2025,293140,11,0
2025,293150,1,28
2025,293150,2,8
2025,293150,3,2
2025,293150,4,0
2025,293150,5,31
2025,293150,6,0
2025,293150,7,0
2025,293150,8,10
2025,293150,9,0
2025,293150,10,0
2025,293150,11,0
2025,293160,1,13
2025,293160,2,3
2025,293160,3,0
2025,293160,4,3
2025,293160,5,9
2025,293160,6,0
2025,293160,7,0
2025,293160,8,2
2025,293160,9,0
2025,293160,10,0
2025,293160,11,0
2025,293170,1,28
2025,293170,2,8
2025,293170,3,0
2025,293170,4,10
2025,293170,5,7
2025,293170,6,0
2025,293170,7,0
2025,293170,8,4
2025,293170,9,0
2025,293170,10,0
2025,293170,11,0
2025,293180,1,24
2025,293180,2,5
2025,293180,3,1
2025,293180,4,13
2025,293180,5,12
2025,293180,6,0
2025,293180,7,0
2025,293180,8,7
2025,293180,9,0
2025,293180,10,0
2025,293180,11,0
2025,293190,1,173
2025,293190,2,39
2025,293190,3,9
2025,293190,4,32
2025,293190,5,86
2025,293190,6,3
2025,293190,7,0
2025,293190,8,17
2025,293190,9,0
2025,293190,10,0
2025,293190,11,1
2025,293200,1,68
2025,293200,2,36
2025,293200,3,3
2025,293200,4,5
2025,293200,5,33
2025,293200,6,0
2025,293200,7,1
2025,293200,8,8
2025,293200,9,1
2025,293200,10,0
2025,293200,11,0
2025,293210,1,44
2025,293210,2,3
2025,293210,3,4
2025,293210,4,31
2025,293210,5,16
2025,293210,6,1
2025,293210,7,0
2025,293210,8,12
2025,293210,9,0
2025,293210,10,0
2025,293210,11,0
2025,293220,1,46
2025,293220,2,15
2025,293220,3,0
2025,293220,4,6
2025,293220,5,29
2025,293220,6,0
2025,293220,7,1
2025,293220,8,6
2025,293220,9,0
2025,293220,10,0
2025,293220,11,0
2025,293230,1,74
2025,293230,2,13
2025,293230,3,2
2025,293230,4,25
2025,293230,5,50
2025,293230,6,0
2025,293230,7,0
2025,293230,8,13
2025,293230,9,0
2025,293230,10,0
2025,293230,11,0
2025,293240,1,51
2025,293240,2,12
2025,293240,3,2
2025,293240,4,8
2025,293240,5,24
2025,293240,6,1
2025,293240,7,0
2025,293240,8,6
2025,293240,9,0
2025,293240,10,1
2025,293240,11,0
2025,293245,1,33
2025,293245,2,3
2025,293245,3,1
2025,293245,4,8
2025,293245,5,18
2025,293245,6,0
2025,293245,7,1
2025,293245,8,5
2025,293245,9,0
2025,293245,10,0
2025,293245,11,0
2025,293250,1,84
2025,293250,2,20
2025,293250,3,3
2025,293250,4,11
2025,293250,5,29
2025,293250,6,0
2025,293250,7,3
2025,293250,8,7
2025,293250,9,0
2025,293250,10,2
2025,293250,11,0
2025,293260,1,55
2025,293260,2,7
2025,293260,3,2
2025,293260,4,21
2025,293260,5,24
2025,293260,6,1
2025,293260,7,0
2025,293260,8,2
2025,293260,9,0
2025,293260,10,0
2025,293260,11,0
2025,293270,1,49
2025,293270,2,24
2025,293270,3,1
2025,293270,4,7
2025,293270,5,44
2025,293270,6,0
2025,293270,7,0
2025,293270,8,7
2025,293270,9,0
2025,293270,10,0
2025,293270,11,0
2025,293280,1,56
2025,293280,2,10
2025,293280,3,0
2025,293280,4,1
2025,293280,5,29
2025,293280,6,0
2025,293280,7,0
2025,293280,8,6
2025,293280,9,0
2025,293280,10,0
2025,293280,11,0
2025,293290,1,356
2025,293290,2,77
2025,293290,3,12
2025,293290,4,179
2025,293290,5,120
2025,293290,6,1
2025,293290,7,4
2025,293290,8,29
2025,293290,9,0
2025,293290,10,0
2025,293290,11,0
2025,293300,1,81
2025,293300,2,9
2025,293300,3,5
2025,293300,4,43
2025,293300,5,38
2025,293300,6,0
2025,293300,7,0
2025,293300,8,6
2025,293300,9,0
2025,293300,10,0
2025,293300,11,0
2025,293305,1,16
2025,293305,2,1
2025,293305,3,1
2025,293305,4,5
2025,293305,5,16
2025,293305,6,0
2025,293305,7,0
2025,293305,8,2
2025,293305,9,0
2025,293305,10,0
2025,293305,11,0
2025,293310,1,27
2025,293310,2,10
2025,293310,3,2
2025,293310,4,5
2025,293310,5,17
2025,293310,6,0
2025,293310,7,0
2025,293310,8,0
2025,293310,9,0
2025,293310,10,0
2025,293310,11,0
2025,293315,1,28
2025,293315,2,19
2025,293315,3,0
2025,293315,4,2
2025,293315,5,17
2025,293315,6,0
2025,293315,7,0
2025,293315,8,3
2025,293315,9,0
2025,293315,10,0
2025,293315,11,0
2025,293317,1,25
2025,293317,2,5
2025,293317,3,0
2025,293317,4,5
2025,293317,5,29
2025,293317,6,1
2025,293317,7,0
2025,293317,8,2
2025,293317,9,0
2025,293317,10,0
2025,293317,11,0
2025,293320,1,246
2025,293320,2,44
2025,293320,3,3
2025,293320,4,41
2025,293320,5,113
2025,293320,6,0
2025,293320,7,0
2025,293320,8,9
2025,293320,9,3
2025,293320,10,0
2025,293320,11,0
2025,293325,1,13
2025,293325,2,4
2025,293325,3,0
2025,293325,4,2
2025,293325,5,5
2025,293325,6,0
2025,293325,7,0
2025,293325,8,6
2025,293325,9,0
2025,293325,10,0
2025,293325,11,0
2025,293330,1,1955
2025,293330,2,395
2025,293330,3,92
2025,293330,4,1244
2025,293330,5,675
2025,293330,6,6
2025,293330,7,7
2025,293330,8,125
2025,293330,9,2
2025,293330,10,1
2025,293330,11,0
2025,293340,1,44
2025,293340,2,4
2025,293340,3,1
2025,293340,4,15
2025,293340,5,23
2025,293340,6,1
2025,293340,7,0
2025,293340,8,8
2025,293340,9,0
2025,293340,10,0
2025,293340,11,0
2025,293345,1,38
2025,293345,2,19
2025,293345,3,0
2025,293345,4,1
2025,293345,5,13
2025,293345,6,2
2025,293345,7,0
2025,293345,8,2
2025,293345,9,0
2025,293345,10,0
2025,293345,11,0
2025,293350,1,41
2025,293350,2,3
2025,293350,3,2
2025,293350,4,18
2025,293350,5,18
2025,293350,6,0
2025,293350,7,1
2025,293350,8,17
2025,293350,9,0
2025,293350,10,1
2025,293350,11,0
2025,293360,1,176
2025,293360,2,39
2025,293360,3,7
2025,293360,4,84
2025,293360,5,85
2025,293360,6,0
2025,293360,7,3
2025,293360,8,19
2025,293360,9,0
2025,293360,10,0
2025,293360,11,0
