_id,DAT_OBT,HOR_FAT,SEX_VIT,IDD_VIT,MUN_OBT,BAI_OBT,COD_CIOD,CUTIS,REL VIT AUT,FEMINICIDIO,TIPO LOCAL
1,2017-03-01T00:00:00,10:50:00,F,29,SAO MATEUS,GURIRI,A01A - ARMA DE FOGO,P,EX-MARIDO,FEMINICIDIO,RESIDÊNCIA
2,2017-08-01T00:00:00,00:43:00,F,15,SERRA,CANTINHO DO CEU,A01B - ARMA BRANCA,B,NÃO INFORMADO,HOMICÍDIO DOLOSO,VIA PÚBLICA
3,2017-11-01T00:00:00,11:12:00,F,36,NOVA VENECIA,ALTOE,A01A - ARMA DE FOGO,P,EX-MARIDO,FEMINICIDIO,RESIDÊNCIA
4,2017-01-16T00:00:00,15:29:00,F,40,CARIACICA,CAMPO BELO,A01B - ARMA BRANCA,P,NÃO INFORMADO,HOMICÍDIO DOLOSO,TERRENO BALDIO
5,2017-01-22T00:00:00,16:26:00,F,44,SERRA,CENTRAL CARAPINA,A01A - ARMA DE FOGO,P,NÃO INFORMADO,HOMICÍDIO DOLOSO,VIA PÚBLICA
6,2017-01-22T00:00:00,04:17:00,F,46,FUNDAO,DIRECAO,A01B - ARMA BRANCA,P,NÃO INFORMADO,HOMICÍDIO DOLOSO,RESIDÊNCIA
7,2017-01-23T00:00:00,10:51:00,F,42,MARATAIZES,CIDADE NOVA,A01A - ARMA DE FOGO,B,MARIDO,FEMINICIDIO,RESIDÊNCIA
8,2017-01-25T00:00:00,18:42:00,F,35,VILA VELHA,BOA VISTA I,A01A - ARMA DE FOGO,P,EX-MARIDO,FEMINICIDIO,VIA PÚBLICA
9,2017-01-30T00:00:00,04:23:00,F,28,VITORIA,CENTRO,A01C - OUTROS MEIOS,P,NÃO INFORMADO,HOMICÍDIO DOLOSO,VIA PÚBLICA
10,2017-01-02T00:00:00,14:11:00,F,23,ITAPEMIRIM,CAXETA,A01A - ARMA DE FOGO,P,COMPANHEIRO,FEMINICIDIO,VIA PÚBLICA
11,2017-05-02T00:00:00,11:35:00,F,19,VILA VELHA,RIVIERA DA BARRA,A01B - ARMA BRANCA,N,NÃO INFORMADO,HOMICÍDIO DOLOSO,VIA PÚBLICA
12,2017-07-02T00:00:00,17:32:00,F,40,VILA VELHA,SAO TORQUATO,A01A - ARMA DE FOGO,P,NÃO INFORMADO,FEMINICIDIO,VIA PÚBLICA
13,2017-07-02T00:00:00,16:50:00,F,16,FUNDAO,PRAIA GRANDE,A01B - ARMA BRANCA,N,NÃO INFORMADO,HOMICÍDIO DOLOSO,VIA PÚBLICA
14,2017-07-02T00:00:00,16:50:00,F,14,FUNDAO,PRAIA GRANDE,A01B - ARMA BRANCA,P,NÃO INFORMADO,HOMICÍDIO DOLOSO,VIA PÚBLICA
15,2017-07-02T00:00:00,00:36:00,F,17,CONCEICAO DA BARRA,BRACO DO RIO,A01B - ARMA BRANCA,P,NÃO INFORMADO,HOMICÍDIO DOLOSO,VIA PÚBLICA
16,2017-10-02T00:00:00,07:01:00,F,57,VITORIA,CARATOIRA,A01B - ARMA BRANCA,P,NÃO INFORMADO,HOMICÍDIO DOLOSO,VIA PÚBLICA
17,2017-10-02T00:00:00,07:01:00,F,25,VITORIA,CARATOIRA,A01B - ARMA BRANCA,P,NÃO INFORMADO,HOMICÍDIO DOLOSO,VIA PÚBLICA
18,2017-10-02T00:00:00,06:45:00,F,31,SERRA,CIDADE POMAR,A01B - ARMA BRANCA,P,NÃO INFORMADO,HOMICÍDIO DOLOSO,NÃO INFORMADO
19,2017-11-02T00:00:00,06:09:00,F,30,LINHARES,NOVA ESPERANCA,A01B - ARMA BRANCA,P,NÃO INFORMADO,HOMICÍDIO DOLOSO,VIA PÚBLICA
20,2017-02-14T00:00:00,20:09:00,F,69,SERRA,SERRA CENTRO,A01A - ARMA DE FOGO,P,MARIDO,FEMINICIDIO,NÃO INFORMADO
21,2017-02-15T00:00:00,19:28:00,F,18,SERRA,CENTRAL CARAPINA,A01B - ARMA BRANCA,P,NÃO INFORMADO,HOMICÍDIO DOLOSO,VIA PÚBLICA
22,2017-02-17T00:00:00,23:44:00,F,14,LINHARES,SANTA CRUZ,A01B - ARMA BRANCA,P,NÃO INFORMADO,HOMICÍDIO DOLOSO,VIA PÚBLICA
23,2017-02-19T00:00:00,06:29:00,F,42,VILA VELHA,SANTA RITA,A01B - ARMA BRANCA,N,NÃO INFORMADO,HOMICÍDIO DOLOSO,VIA PÚBLICA
24,2017-02-23T00:00:00,21:10:00,F,16,VITORIA,TABUAZEIRO,A01B - ARMA BRANCA,B,NÃO INFORMADO,HOMICÍDIO DOLOSO,VIA PÚBLICA
25,2017-02-28T00:00:00,19:23:00,F,36,VITORIA,ENSEADA DO SUA,A01A - ARMA DE FOGO,P,MARIDO,FEMINICIDIO,RESIDÊNCIA
26,2017-03-03T00:00:00,08:11:00,F,35,VILA VELHA,PEDRA DOS BUZIOS,A01B - ARMA BRANCA,P,NÃO INFORMADO,HOMICÍDIO DOLOSO,VIA PÚBLICA
27,2017-08-03T00:00:00,09:36:00,F,43,LINHARES,INTERLAGOS,A01A - ARMA DE FOGO,P,EX-MARIDO,FEMINICIDIO,RESIDÊNCIA
28,2017-11-03T00:00:00,16:03:00,F,25,SERRA,SERRA DOURADA I,A01B - ARMA BRANCA,P,NÃO INFORMADO,HOMICÍDIO DOLOSO,VIA PÚBLICA
29,2017-11-03T00:00:00,16:57:00,F,20,LINHARES,SANTA CRUZ,A01B - ARMA BRANCA,P,NÃO INFORMADO,HOMICÍDIO DOLOSO,VIA PÚBLICA
30,2017-11-03T00:00:00,13:14:00,F,36,MUNIZ FREIRE,PIACU,A01B - ARMA BRANCA,B,NÃO INFORMADO,HOMICÍDIO DOLOSO,ESTABELECIMENTO  COMERCIAL
31,2017-12-03T00:00:00,10:20:00,F,26,SERRA,SERRAMAR,A01B - ARMA BRANCA,P,NÃO INFORMADO,HOMICÍDIO DOLOSO,VIA PÚBLICA
32,2017-12-03T00:00:00,13:30:00,F,39,VITORIA,BELA VISTA,A01C - OUTROS MEIOS,P,MARIDO,FEMINICIDIO,VIA PÚBLICA
33,2017-03-16T00:00:00,13:15:00,F,33,CARIACICA,CASTELO BRANCO,A01B - ARMA BRANCA,P,NÃO INFORMADO,HOMICÍDIO DOLOSO,VIA PÚBLICA
34,2017-03-18T00:00:00,14:52:00,F,15,VITORIA,RESISTENCIA,A01B - ARMA BRANCA,P,NÃO INFORMADO,HOMICÍDIO DOLOSO,VIA PÚBLICA
35,2017-03-19T00:00:00,06:30:00,F,50,CARIACICA,NOVO BRASIL,A01C - OUTROS MEIOS,P,NÃO INFORMADO,HOMICÍDIO DOLOSO,RESIDÊNCIA
36,2017-03-20T00:00:00,01:22:00,F,32,CARIACICA,PORTO DE SANTANA,A01B - ARMA BRANCA,N,NÃO INFORMADO,HOMICÍDIO DOLOSO,VIA PÚBLICA
37,2017-03-25T00:00:00,21:41:00,F,48,JOAO NEIVA,MONTE LIBANO,A01B - ARMA BRANCA,P,NÃO INFORMADO,HOMICÍDIO DOLOSO,VIA PÚBLICA
38,2017-03-25T00:00:00,08:40:00,F,57,PONTO BELO,LAJEADO,A01A - ARMA DE FOGO,P,NÃO INFORMADO,HOMICÍDIO DOLOSO,RESIDÊNCIA
39,2017-03-26T00:00:00,20:40:00,F,39,VENDA NOVA DO IMIGRANTE,ZONA RURAL,A01C - OUTROS MEIOS,P,COMPANHEIRO,FEMINICIDIO,RESIDÊNCIA
40,2017-03-30T00:00:00,01:07:00,F,25,VILA VELHA,SAO TORQUATO,A01C - OUTROS MEIOS,N,NÃO INFORMADO,HOMICÍDIO DOLOSO,NÃO INFORMADO
41,2017-03-31T00:00:00,10:27:00,F,22,VILA VELHA,COCAL,A01B - ARMA BRANCA,P,NÃO INFORMADO,HOMICÍDIO DOLOSO,VIA PÚBLICA
42,2017-03-31T00:00:00,16:12:00,F,56,CACHOEIRO DE ITAPEMIRIM,BOA VISTA,A01A - ARMA DE FOGO,P,MARIDO,FEMINICIDIO,RESIDÊNCIA
43,2017-07-04T00:00:00,16:19:00,F,21,VILA VELHA,COBILANDIA,A01B - ARMA BRANCA,P,NÃO INFORMADO,HOMICÍDIO DOLOSO,VIA PÚBLICA
44,2017-09-04T00:00:00,00:19:00,F,37,VILA VELHA,ULISSES GUIMARAES,A01B - ARMA BRANCA,P,NÃO INFORMADO,HOMICÍDIO DOLOSO,VIA PÚBLICA
45,2017-10-04T00:00:00,20:24:00,F,32,VILA VELHA,COBILANDIA,A01A - ARMA DE FOGO,P,NÃO INFORMADO,HOMICÍDIO DOLOSO,VIA PÚBLICA
46,2017-10-04T00:00:00,21:04:00,F,34,CONCEICAO DA BARRA,ANTONIO LOPEZ,A01B - ARMA BRANCA,P,NÃO INFORMADO,HOMICÍDIO DOLOSO,VIA PÚBLICA
47,2017-11-04T00:00:00,10:49:00,F,22,SERRA,SERRA DOURADA I,A01B - ARMA BRANCA,P,NÃO INFORMADO,HOMICÍDIO DOLOSO,VIA PÚBLICA
48,2017-04-14T00:00:00,09:52:03,F,32,SERRA,BALNEARIO DE CARAPEBUS,A01B - ARMA BRANCA,P,COMPANHEIRO,FEMINICIDIO,TERRENO BALDIO
49,2017-04-15T00:00:00,17:44:00,F,52,VITORIA,SANTA MARTHA,A01A - ARMA DE FOGO,P,NAMORADO,FEMINICIDIO,RESIDÊNCIA
50,2017-04-15T00:00:00,21:47:00,F,22,SANTA MARIA DE JETIBA,SAO LUIS,A01B - ARMA BRANCA,B,NÃO INFORMADO,HOMICÍDIO DOLOSO,ESTABELECIMENTO  COMERCIAL
51,2017-04-18T00:00:00,11:30:00,F,22,VIANA,VILA BETHANIA,A01C - OUTROS MEIOS,P,EX-MARIDO,FEMINICIDIO,VIA PÚBLICA
52,2017-04-28T00:00:00,12:13:00,F,37,VILA VELHA,JABURUNA,A01C - OUTROS MEIOS,P,PARENTE,FEMINICIDIO,VIA PÚBLICA
53,2017-04-29T00:00:00,03:30:00,F,45,AFONSO CLAUDIO,FAZENDA GUANDU,A01A - ARMA DE FOGO,P,MARIDO,FEMINICIDIO,RESIDÊNCIA
54,2017-02-05T00:00:00,10:16:00,F,49,VITORIA,CONQUISTA,A01B - ARMA BRANCA,P,NÃO INFORMADO,HOMICÍDIO DOLOSO,ESTABELECIMENTO  COMERCIAL
55,2017-05-19T00:00:00,15:51:00,F,35,LINHARES,CANIVETE,A01C - OUTROS MEIOS,P,NÃO INFORMADO,HOMICÍDIO DOLOSO,FLORESTA
56,2017-05-21T00:00:00,18:18:00,F,28,MIMOSO DO SUL,BELO MONTE,A01A - ARMA DE FOGO,B,COMPANHEIRO,FEMINICIDIO,RESIDÊNCIA
57,2017-05-23T00:00:00,20:55:00,F,32,PRESIDENTE KENNEDY,SANTANA FELIZ,A01B - ARMA BRANCA,P,NÃO INFORMADO,HOMICÍDIO DOLOSO,VIA PÚBLICA
58,2017-05-26T00:00:00,19:00:00,F,37,CARIACICA,PROLAR,A01B - ARMA BRANCA,P,NÃO INFORMADO,HOMICÍDIO DOLOSO,VIA PÚBLICA
59,2017-08-06T00:00:00,20:38:00,F,52,CARIACICA,NOVA CAMPO GRANDE,A01B - ARMA BRANCA,P,PARENTE,FEMINICIDIO,VIA PÚBLICA
60,2017-06-17T00:00:00,10:13:00,F,39,RIO NOVO DO SUL,BORSOI,A01A - ARMA DE FOGO,P,NAMORADO,FEMINICIDIO,RESIDÊNCIA
61,2017-06-23T00:00:00,13:23:00,F,17,SERRA,VILA NOVA DE COLARES,A01B - ARMA BRANCA,N,NÃO INFORMADO,HOMICÍDIO DOLOSO,VIA PÚBLICA
62,2017-01-07T00:00:00,07:16:00,F,17,CARIACICA,NOVA CAMPO GRANDE,A01A - ARMA DE FOGO,P,NÃO INFORMADO,HOMICÍDIO DOLOSO,NÃO INFORMADO
63,2017-02-07T00:00:00,22:47:00,F,49,JAGUARE,PALMITO,A01B - ARMA BRANCA,P,NÃO INFORMADO,HOMICÍDIO DOLOSO,RESIDÊNCIA
64,2017-06-07T00:00:00,11:51:00,F,36,FUNDAO,TIMBUI,A01B - ARMA BRANCA,P,NÃO INFORMADO,HOMICÍDIO DOLOSO,VIA PÚBLICA
65,2017-07-16T00:00:00,19:44:00,F,35,CARIACICA,PROLAR,A01B - ARMA BRANCA,P,NÃO INFORMADO,HOMICÍDIO DOLOSO,RESIDÊNCIA
66,2017-07-20T00:00:00,17:02:00,F,25,CARIACICA,VISTA MAR,A01B - ARMA BRANCA,P,EX-NAMORADO,FEMINICIDIO,RESIDÊNCIA
67,2017-07-21T00:00:00,19:44:00,F,23,VILA VELHA,VILA BATISTA,A01B - ARMA BRANCA,P,COMPANHEIRO,FEMINICIDIO,RESIDÊNCIA
68,2017-07-22T00:00:00,20:44:00,F,57,ARACRUZ,SAO MARCOS,A01B - ARMA BRANCA,P,NÃO INFORMADO,HOMICÍDIO DOLOSO,VIA PÚBLICA
69,2017-07-25T00:00:00,22:59:00,F,,CACHOEIRO DE ITAPEMIRIM,RUBEM BRAGA,A01B - ARMA BRANCA,P,NÃO INFORMADO,HOMICÍDIO DOLOSO,VIA PÚBLICA
70,2017-07-27T00:00:00,00:00:00,F,42,IBIRACU,ARICANGA,A01B - ARMA BRANCA,P,NÃO INFORMADO,HOMICÍDIO DOLOSO,VIA PÚBLICA
71,2017-07-31T00:00:00,20:57:00,F,36,SAO GABRIEL DA PALHA,SANTA HELENA,A01A - ARMA DE FOGO,P,EX-COMPANHEIRO,FEMINICIDIO,NÃO INFORMADO
72,2017-07-31T00:00:00,16:43:00,F,53,RIO BANANAL,SANTA RITA,A01B - ARMA BRANCA,B,NÃO INFORMADO,HOMICÍDIO DOLOSO,NÃO INFORMADO
73,2017-04-08T00:00:00,23:29:00,F,26,IBATIBA,CENTRO,A01C - OUTROS MEIOS,P,NAMORADO,FEMINICIDIO,RESIDÊNCIA
74,2017-06-08T00:00:00,00:00:00,F,21,ALTO RIO NOVO,ALTO RIO NOVO,A01B - ARMA BRANCA,P,EX-NAMORADO,FEMINICIDIO,RESIDÊNCIA
75,2017-07-08T00:00:00,13:31:00,F,53,CARIACICA,SANTA LUZIA,A01B - ARMA BRANCA,N,NÃO INFORMADO,HOMICÍDIO DOLOSO,VIA PÚBLICA
76,2017-09-08T00:00:00,23:19:00,F,36,LINHARES,NOVA ESPERANCA,A01B - ARMA BRANCA,N,NÃO INFORMADO,HOMICÍDIO DOLOSO,VIA PÚBLICA
77,2017-09-08T00:00:00,23:31:00,F,36,NOVA VENECIA,CENTRO,A01A - ARMA DE FOGO,P,NÃO INFORMADO,HOMICÍDIO DOLOSO,NÃO INFORMADO
78,2017-08-16T00:00:00,17:05:00,F,30,VILA VELHA,XURY,A01B - ARMA BRANCA,P,NÃO INFORMADO,HOMICÍDIO DOLOSO,VIA PÚBLICA
79,2017-08-17T00:00:00,22:05:00,F,30,CACHOEIRO DE ITAPEMIRIM,PARAISO,A01B - ARMA BRANCA,B,EX-COMPANHEIRO,FEMINICIDIO,VIA PÚBLICA
80,2017-08-19T00:00:00,10:45:00,F,48,CONCEICAO DA BARRA,SANTO AMARO,A01A - ARMA DE FOGO,P,NÃO INFORMADO,FEMINICIDIO,RESIDÊNCIA
81,2017-08-20T00:00:00,05:04:00,F,20,VITORIA,SAO JOSE,A01B - ARMA BRANCA,P,NÃO INFORMADO,HOMICÍDIO DOLOSO,VIA PÚBLICA
82,2017-08-21T00:00:00,20:16:00,F,16,SERRA,ZONA RURAL,A01B - ARMA BRANCA,P,NÃO INFORMADO,HOMICÍDIO DOLOSO,VIA PÚBLICA
83,2017-08-22T00:00:00,06:17:00,F,16,VILA VELHA,VALE ENCANTADO,A01B - ARMA BRANCA,P,NÃO INFORMADO,HOMICÍDIO DOLOSO,VIA PÚBLICA
84,2017-08-24T00:00:00,21:02:00,F,24,SERRA,COLINA DE LARANJEIRAS,A01C - OUTROS MEIOS,P,EX-NAMORADO,FEMINICIDIO,NÃO INFORMADO
85,2017-08-24T00:00:00,09:12:00,F,29,JOAO NEIVA,SANTO AFONSO,A01C - OUTROS MEIOS,N,NÃO INFORMADO,HOMICÍDIO DOLOSO,VIA PÚBLICA
86,2017-08-25T00:00:00,00:00:00,F,34,DOMINGOS MARTINS,ALTO PARAJU,A01A - ARMA DE FOGO,B,COMPANHEIRO,FEMINICIDIO,VIA PÚBLICA
87,2017-08-25T00:00:00,00:07:00,F,27,FUNDAO,ZONA RURAL,A01B - ARMA BRANCA,P,NÃO INFORMADO,HOMICÍDIO DOLOSO,VIA PÚBLICA
88,2017-08-26T00:00:00,08:09:00,F,15,LINHARES,POVOACAO,A01B - ARMA BRANCA,P,NÃO INFORMADO,HOMICÍDIO DOLOSO,VIA PÚBLICA
89,2017-08-27T00:00:00,15:22:00,F,30,DIVINO DE SAO LOURENCO,CABECEIRA DO LIMO VERDE,A01B - ARMA BRANCA,B,MARIDO,FEMINICIDIO,TERRENO BALDIO
90,2017-08-31T00:00:00,07:50:00,F,20,CARIACICA,SOTELANDIA,A01B - ARMA BRANCA,P,NÃO INFORMADO,HOMICÍDIO DOLOSO,VIA PÚBLICA
91,2017-02-09T00:00:00,19:49:00,F,52,SAO MATEUS,RIBEIRAO,A01A - ARMA DE FOGO,N,NÃO INFORMADO,HOMICÍDIO DOLOSO,VIA PÚBLICA
92,2017-05-09T00:00:00,14:20:00,F,24,VILA VALERIO,JURANA,A01A - ARMA DE FOGO,P,NÃO INFORMADO,HOMICÍDIO DOLOSO,RESIDÊNCIA
93,2017-09-15T00:00:00,19:19:00,F,38,VITORIA,MARUIPE,A01B - ARMA BRANCA,P,EX-MARIDO,FEMINICIDIO,NÃO INFORMADO
94,2017-09-18T00:00:00,08:43:00,F,26,CARIACICA,PORTO NOVO,A01B - ARMA BRANCA,P,NÃO INFORMADO,HOMICÍDIO DOLOSO,VIA PÚBLICA
95,2017-09-19T00:00:00,06:03:00,F,70,VARGEM ALTA,VILA MARIA,A01A - ARMA DE FOGO,B,PARENTE,FEMINICIDIO,NÃO INFORMADO
96,2017-09-21T00:00:00,23:48:00,F,28,LINHARES,BNH,A01B - ARMA BRANCA,P,NÃO INFORMADO,HOMICÍDIO DOLOSO,VIA PÚBLICA
97,2017-09-21T00:00:00,23:48:00,F,21,LINHARES,SHELL,A01B - ARMA BRANCA,P,NÃO INFORMADO,HOMICÍDIO DOLOSO,VIA PÚBLICA
98,2017-09-25T00:00:00,21:02:00,F,34,VILA VALERIO,NOSSA SENHORA DA PENHA,A01B - ARMA BRANCA,P,NÃO INFORMADO,HOMICÍDIO DOLOSO,VIA PÚBLICA
99,2017-09-26T00:00:00,20:32:00,F,26,CARIACICA,PIRANEMA,A01B - ARMA BRANCA,P,NÃO INFORMADO,HOMICÍDIO DOLOSO,VIA PÚBLICA
100,2017-09-26T00:00:00,19:25:00,F,46,CASTELO,SANTA JUSTA,A01B - ARMA BRANCA,B,MARIDO,FEMINICIDIO,VIA PÚBLICA
101,2017-09-30T00:00:00,20:00:00,F,16,COLATINA,COLUMBIA,A01B - ARMA BRANCA,B,NÃO INFORMADO,HOMICÍDIO DOLOSO,VIA PÚBLICA
102,2017-05-10T00:00:00,20:03:00,F,65,SERRA,CANTINHO DO CEU,A01C - OUTROS MEIOS,N,NÃO INFORMADO,HOMICÍDIO DOLOSO,NÃO INFORMADO
103,2017-09-10T00:00:00,11:29:00,F,35,ITAPEMIRIM,ITAIPAVA,A01B - ARMA BRANCA,P,MARIDO,FEMINICIDIO,VIA PÚBLICA
104,2017-09-10T00:00:00,23:14:00,F,18,VIANA,MARCILIO DE NORONHA,A01A - ARMA DE FOGO,P,NAMORADO,FEMINICIDIO,RESIDÊNCIA
105,2017-10-10T00:00:00,19:16:00,F,19,CARIACICA,PADRE GABRIEL,A01B - ARMA BRANCA,P,NÃO INFORMADO,HOMICÍDIO DOLOSO,VIA PÚBLICA
106,2017-10-14T00:00:00,11:25:00,F,48,VILA VELHA,SANTA MONICA POPULAR,A01C - OUTROS MEIOS,B,NÃO INFORMADO,HOMICÍDIO DOLOSO,RESIDÊNCIA
107,2017-10-14T00:00:00,07:30:00,F,19,MARILANDIA,ZONA RURAL,A01C - OUTROS MEIOS,N,NÃO INFORMADO,HOMICÍDIO DOLOSO,RESIDÊNCIA
108,2017-10-16T00:00:00,11:46:00,F,44,SERRA,JARDIM LIMOEIRO,A01A - ARMA DE FOGO,P,NÃO INFORMADO,HOMICÍDIO DOLOSO,RESIDÊNCIA
109,2017-10-22T00:00:00,08:53:00,F,41,RIO NOVO DO SUL,VIRGINIA NOVA,A01A - ARMA DE FOGO,B,MARIDO,FEMINICIDIO,NÃO INFORMADO
110,2017-10-23T00:00:00,09:40:00,F,38,GOVERNADOR LINDENBERG,NOVO BRASIL,A01A - ARMA DE FOGO,B,NÃO INFORMADO,HOMICÍDIO DOLOSO,RESIDÊNCIA
111,2017-10-23T00:00:00,00:00:00,F,35,CACHOEIRO DE ITAPEMIRIM,MONTE CRISTO,A01C - OUTROS MEIOS,B,EX-COMPANHEIRO,FEMINICIDIO,VIA PÚBLICA
112,2017-10-26T00:00:00,21:30:00,F,,SAO MATEUS,GURIRI,A01A - ARMA DE FOGO,P,NÃO INFORMADO,HOMICÍDIO DOLOSO,VIA PÚBLICA
113,2017-10-30T00:00:00,10:02:52,F,15,ARACRUZ,JACUPEMBA,A01B - ARMA BRANCA,,NÃO INFORMADO,HOMICÍDIO DOLOSO,VIA PÚBLICA
114,2017-10-30T00:00:00,16:25:28,F,26,SERRA,SERRA DOURADA I,A01B - ARMA BRANCA,N,NÃO INFORMADO,HOMICÍDIO DOLOSO,VIA PÚBLICA
115,2017-10-31T00:00:00,06:14:28,F,52,CARIACICA,JARDIM AMERICA,A01B - ARMA BRANCA,P,NÃO INFORMADO,HOMICÍDIO DOLOSO,NÃO INFORMADO
116,2017-01-11T00:00:00,20:57:00,F,21,VILA VELHA,ARIBIRI,A01B - ARMA BRANCA,P,NÃO INFORMADO,HOMICÍDIO DOLOSO,NÃO INFORMADO
117,2017-03-11T00:00:00,02:10:00,F,28,VITORIA,INHANGUETA,A01B - ARMA BRANCA,P,NÃO INFORMADO,HOMICÍDIO DOLOSO,RESIDÊNCIA
118,2017-10-11T00:00:00,14:45:00,F,12,VIANA,UNIVERSAL,A01C - OUTROS MEIOS,P,NÃO INFORMADO,HOMICÍDIO DOLOSO,NÃO INFORMADO
119,2017-12-11T00:00:00,16:18:00,F,73,VENDA NOVA DO IMIGRANTE,VILA BETANEA,A01B - ARMA BRANCA,B,NÃO INFORMADO,HOMICÍDIO DOLOSO,RESIDÊNCIA
120,2017-11-15T00:00:00,03:25:00,F,29,VITORIA,GURIGICA,A01B - ARMA BRANCA,P,NÃO INFORMADO,HOMICÍDIO DOLOSO,VIA PÚBLICA
121,2017-11-15T00:00:00,13:17:00,F,,VITORIA,ILHA DO PRINCIPE,A01B - ARMA BRANCA,P,NÃO INFORMADO,HOMICÍDIO DOLOSO,VIA PÚBLICA
122,2017-11-28T00:00:00,08:52:00,F,,SERRA,VILA NOVA DE COLARES,A01B - ARMA BRANCA,P,NÃO INFORMADO,HOMICÍDIO DOLOSO,VIA PÚBLICA
123,2017-01-12T00:00:00,18:12:00,F,34,CASTELO,PATRIMONIO DO OURO,A01C - OUTROS MEIOS,P,EX-MARIDO,FEMINICIDIO,NÃO INFORMADO
124,2017-04-12T00:00:00,07:38:00,F,30,VILA VELHA,BARRAMARES,A01A - ARMA DE FOGO,P,NÃO INFORMADO,HOMICÍDIO DOLOSO,VIA PÚBLICA
125,2017-10-12T00:00:00,18:16:00,F,35,VILA VELHA,ARIBIRI,A01A - ARMA DE FOGO,B,COMPANHEIRO,FEMINICIDIO,RESIDÊNCIA
126,2017-10-12T00:00:00,21:48:00,F,56,SERRA,VILA NOVA DE COLARES,A01B - ARMA BRANCA,B,NÃO INFORMADO,HOMICÍDIO DOLOSO,VIA PÚBLICA
127,2017-11-12T00:00:00,00:20:00,F,53,NOVA VENECIA,BONFIM,A01B - ARMA BRANCA,P,NÃO INFORMADO,HOMICÍDIO DOLOSO,RESIDÊNCIA
128,2017-12-15T00:00:00,08:01:00,F,18,SERRA,CASCATA,A01B - ARMA BRANCA,P,NÃO INFORMADO,HOMICÍDIO DOLOSO,VIA PÚBLICA
129,2017-12-17T00:00:00,17:19:00,F,15,VITORIA,SANTA MARTA,A01B - ARMA BRANCA,B,NÃO INFORMADO,HOMICÍDIO DOLOSO,NÃO INFORMADO
130,2017-12-18T00:00:00,15:47:00,F,13,SAO MATEUS,SAO PEDRO,A01B - ARMA BRANCA,P,NÃO INFORMADO,HOMICÍDIO DOLOSO,NÃO INFORMADO
131,2017-12-20T00:00:00,23:20:00,F,27,COLATINA,SANTO ANTONIO,A01B - ARMA BRANCA,P,EX-NAMORADO,FEMINICIDIO,VIA PÚBLICA
132,2017-12-24T00:00:00,07:47:00,F,29,SERRA,GUARACIABA,A01A - ARMA DE FOGO,P,EX-COMPANHEIRO,FEMINICIDIO,RESIDÊNCIA
133,2017-12-30T00:00:00,19:07:21,F,35,VITORIA,JARDIM CAMBURI,A01A - ARMA DE FOGO,B,MARIDO,FEMINICIDIO,NÃO INFORMADO
134,2018-01-01T00:00:00,16:17:36,F,37,CARIACICA,NOVA ROSA DA PENHA,A01A - ARMA DE FOGO,P,CONHECIDO,HOMICÍDIO DOLOSO,VIA PÚBLICA
135,2018-05-01T00:00:00,23:51:42,F,49,PRESIDENTE KENNEDY,SANTA LUCIA,A01B - ARMA BRANCA,P,NÃO INFORMADO,HOMICÍDIO DOLOSO,VIA PÚBLICA
136,2018-06-01T00:00:00,22:46:58,F,13,LINHARES,SANTA CRUZ,A01B - ARMA BRANCA,,CONHECIDO,HOMICÍDIO DOLOSO,VIA PÚBLICA
137,2018-07-01T00:00:00,23:25:14,F,42,VILA VELHA,IBES,A01B - ARMA BRANCA,N,NÃO INFORMADO,HOMICÍDIO DOLOSO,VIA PÚBLICA
138,2018-09-01T00:00:00,20:05:34,F,42,ITAPEMIRIM,CENTRO,A01B - ARMA BRANCA,P,COMPANHEIRO,FEMINICIDIO,VIA PÚBLICA
139,2018-09-01T00:00:00,20:05:00,F,25,CARIACICA,PORTO DE CARIACICA,A01B - ARMA BRANCA,P,NÃO INFORMADO,HOMICÍDIO DOLOSO,VIA PÚBLICA
140,2018-01-14T00:00:00,06:34:04,F,33,BARRA DE SAO FRANCISCO,BAIRRO COLINA,A01B - ARMA BRANCA,N,NÃO INFORMADO,HOMICÍDIO DOLOSO,VIA PÚBLICA
141,2018-01-18T00:00:00,14:51:00,F,30,VILA VELHA,SAO TORQUATO,A01C - OUTROS MEIOS,P,MARIDO,FEMINICIDIO,NÃO INFORMADO
142,2018-01-19T00:00:00,21:54:26,F,56,SERRA,JARDIM LIMOEIRO,A01B - ARMA BRANCA,P,NÃO INFORMADO,HOMICÍDIO DOLOSO,VIA PÚBLICA
143,2018-01-20T00:00:00,15:15:52,F,35,VILA VELHA,ILHA DA CONCEICAO,A01B - ARMA BRANCA,P,NÃO INFORMADO,HOMICÍDIO DOLOSO,NÃO INFORMADO
144,2018-01-20T00:00:00,00:08:37,F,32,SERRA,NOVO HORIZONTE,A01A - ARMA DE FOGO,P,MARIDO,FEMINICIDIO,RESIDÊNCIA
145,2018-01-25T00:00:00,21:57:08,F,44,SOORETAMA,PARQUE SAO JORGE,A01B - ARMA BRANCA,P,NÃO INFORMADO,HOMICÍDIO DOLOSO,VIA PÚBLICA
146,2018-01-28T00:00:00,19:12:11,F,42,SAO JOSE DO CALCADO,CENTRO,A01A - ARMA DE FOGO,,MARIDO,FEMINICIDIO,VIA PÚBLICA
147,2018-02-14T00:00:00,00:17:00,F,24,SAO MATEUS,GURIRI,A01B - ARMA BRANCA,B,NÃO INFORMADO,HOMICÍDIO DOLOSO,VIA PÚBLICA
148,2018-02-15T00:00:00,00:00:00,F,23,CACHOEIRO DE ITAPEMIRIM,ALTO NOVO PARQUE,A01B - ARMA BRANCA,N,NÃO INFORMADO,HOMICÍDIO DOLOSO,VIA PÚBLICA
149,2018-02-19T00:00:00,21:11:00,F,53,VILA VELHA,ALVORADA,A01A - ARMA DE FOGO,P,NAMORADO,FEMINICIDIO,VIA PÚBLICA
150,2018-02-20T00:00:00,16:49:00,F,37,NOVA VENECIA,GUARAREMA,A01C - OUTROS MEIOS,P,NÃO INFORMADO,HOMICÍDIO DOLOSO,VIA PÚBLICA
151,2018-02-25T00:00:00,20:19:00,F,,PANCAS,ZONA RURAL,A01B - ARMA BRANCA,P,CONHECIDO,HOMICÍDIO DOLOSO,NÃO INFORMADO
152,2018-02-25T00:00:00,00:00:00,F,18,VILA VALERIO,ZONA RURAL,A01B - ARMA BRANCA,P,NÃO INFORMADO,HOMICÍDIO DOLOSO,VIA PÚBLICA
153,2018-04-03T00:00:00,01:58:28,F,20,VILA VELHA,PLANALTO,A01C - OUTROS MEIOS,P,MARIDO,FEMINICIDIO,RESIDÊNCIA
154,2018-11-03T00:00:00,18:36:43,F,21,CACHOEIRO DE ITAPEMIRIM,MONTE CRISTO,A01B - ARMA BRANCA,P,NÃO INFORMADO,HOMICÍDIO DOLOSO,VIA PÚBLICA
155,2018-03-17T00:00:00,00:02:45,F,17,IBIRACU,RESIDENCIAL FRANCISCO CAMPAGNARO,A01A - ARMA DE FOGO,P,NÃO INFORMADO,HOMICÍDIO DOLOSO,ESTABELECIMENTO  COMERCIAL
156,2018-03-17T00:00:00,02:20:42,F,53,IRUPI,ZONA RURAL,A01B - ARMA BRANCA,B,COMPANHEIRO,FEMINICIDIO,RESIDÊNCIA
157,2018-03-22T00:00:00,21:25:15,F,17,SOORETAMA,PARQUE SAO JORGE,A01B - ARMA BRANCA,P,NÃO INFORMADO,HOMICÍDIO DOLOSO,VIA PÚBLICA
158,2018-03-27T00:00:00,05:04:00,F,25,SERRA,CIDADE CONTINENTAL,A01C - OUTROS MEIOS,P,NAMORADO,FEMINICIDIO,NÃO INFORMADO
159,2018-03-27T00:00:00,01:15:58,F,17,LINHARES,INTERLAGOS,A01B - ARMA BRANCA,P,NÃO INFORMADO,HOMICÍDIO DOLOSO,VIA PÚBLICA
160,2018-03-30T00:00:00,23:00:10,F,20,ARACRUZ,FATIMA,A01A - ARMA DE FOGO,B,NAMORADO,FEMINICIDIO,VIA PÚBLICA
161,2018-01-04T00:00:00,00:00:00,F,24,SAO MATEUS,BOM SUCESSO,A01B - ARMA BRANCA,P,NÃO INFORMADO,HOMICÍDIO DOLOSO,VIA PÚBLICA
162,2018-02-04T00:00:00,15:36:00,F,29,LINHARES,HUMAITA,A01A - ARMA DE FOGO,N,MARIDO,FEMINICIDIO,RESIDÊNCIA
163,2018-06-04T00:00:00,07:53:00,F,38,ITAPEMIRIM,ITAIPAVA,A01C - OUTROS MEIOS,P,MARIDO,FEMINICIDIO,NÃO INFORMADO
164,2018-09-04T00:00:00,03:52:00,F,35,CONCEICAO DA BARRA,CENTRO,A01A - ARMA DE FOGO,P,NÃO INFORMADO,HOMICÍDIO DOLOSO,VIA PÚBLICA
165,2018-04-20T00:00:00,08:23:00,F,32,GUARAPARI,COROADO,A01B - ARMA BRANCA,P,NÃO INFORMADO,HOMICÍDIO DOLOSO,VIA PÚBLICA
166,2018-04-21T00:00:00,12:21:00,F,23,SERRA,NOVO HORIZONTE,A01B - ARMA BRANCA,P,NÃO INFORMADO,HOMICÍDIO DOLOSO,VIA PÚBLICA
167,2018-04-21T00:00:00,16:37:00,F,18,LINHARES,NOVA ESPERANCA,A01B - ARMA BRANCA,P,NÃO INFORMADO,HOMICÍDIO DOLOSO,RESIDÊNCIA
168,2018-01-05T00:00:00,21:34:54,F,24,CARIACICA,NOVA ROSA DA PENHA,A01B - ARMA BRANCA,N,NÃO INFORMADO,HOMICÍDIO DOLOSO,VIA PÚBLICA
169,2018-04-05T00:00:00,20:33:36,F,43,VILA VELHA,CENTRO,A01B - ARMA BRANCA,B,NÃO INFORMADO,HOMICÍDIO DOLOSO,VIA PÚBLICA
170,2018-12-05T00:00:00,21:48:39,F,23,MANTENOPOLIS,DISTRITO SANTA LUZIA,A01B - ARMA BRANCA,P,NÃO INFORMADO,HOMICÍDIO DOLOSO,VIA PÚBLICA
171,2018-05-18T00:00:00,04:52:37,F,,SERRA,SAO GERALDO,A01B - ARMA BRANCA,P,NÃO INFORMADO,HOMICÍDIO DOLOSO,VIA PÚBLICA
172,2018-05-21T00:00:00,07:35:50,F,53,CARIACICA,APARECIDA,A01C - OUTROS MEIOS,P,NÃO INFORMADO,HOMICÍDIO DOLOSO,VIA PÚBLICA
173,2018-05-26T00:00:00,09:38:34,F,57,VITORIA,INHANGUETA,A01B - ARMA BRANCA,P,MARIDO,FEMINICIDIO,RESIDÊNCIA
174,2018-05-26T00:00:00,01:09:03,F,29,VILA VELHA,SANTA RITA,A01B - ARMA BRANCA,P,NÃO INFORMADO,HOMICÍDIO DOLOSO,VIA PÚBLICA
175,2018-02-06T00:00:00,03:32:00,F,36,VITORIA,BONFIM,A01B - ARMA BRANCA,B,NÃO INFORMADO,HOMICÍDIO DOLOSO,RESIDÊNCIA
176,2018-05-06T00:00:00,20:43:51,F,57,SERRA,BAIRRO DAS LARANJEIRAS,A01A - ARMA DE FOGO,P,NÃO INFORMADO,HOMICÍDIO DOLOSO,RESIDÊNCIA
177,2018-07-06T00:00:00,18:57:28,F,24,ATILIO VIVACQUA,MORRO ALTO NITEROI,A01B - ARMA BRANCA,N,MARIDO,FEMINICIDIO,NÃO INFORMADO
178,2018-06-14T00:00:00,23:24:20,F,52,COLATINA,SAO VICENTE,A01A - ARMA DE FOGO,P,MARIDO,FEMINICIDIO,NÃO INFORMADO
179,2018-06-22T00:00:00,15:29:32,F,23,PINHEIROS,ZONA RURAL,A01A - ARMA DE FOGO,P,MARIDO,FEMINICIDIO,ZONA RURAL
180,2018-06-28T00:00:00,19:02:56,F,25,PINHEIROS,PINHEIRINHO,A01B - ARMA BRANCA,,NÃO INFORMADO,HOMICÍDIO DOLOSO,NÃO INFORMADO
181,2018-01-07T00:00:00,10:29:29,F,53,CACHOEIRO DE ITAPEMIRIM,SAO VICENTE,A01A - ARMA DE FOGO,P,MARIDO,FEMINICIDIO,RESIDÊNCIA
182,2018-08-07T00:00:00,08:57:24,F,39,JOAO NEIVA,CRUBIXA,A01A - ARMA DE FOGO,N,MARIDO,FEMINICIDIO,RESIDÊNCIA
183,2018-11-07T00:00:00,14:58:12,F,15,SERRA,PARQUE RESIDENCIAL TUBARAO,A01B - ARMA BRANCA,P,NÃO INFORMADO,HOMICÍDIO DOLOSO,VIA PÚBLICA
184,2018-07-13T00:00:00,22:46:58,F,39,SAO MATEUS,BOM SUCESSO,A01A - ARMA DE FOGO,P,NAMORADO,FEMINICIDIO,VIA PÚBLICA
185,2018-07-20T00:00:00,20:38:25,F,22,SERRA,CAMPINHO DA SERRA II,A01B - ARMA BRANCA,P,NÃO INFORMADO,HOMICÍDIO DOLOSO,VIA PÚBLICA
186,2018-07-20T00:00:00,23:04:05,F,,LINHARES,POVOACAO,A01B - ARMA BRANCA,P,COMPANHEIRO,FEMINICIDIO,RESIDÊNCIA
187,2018-07-24T00:00:00,09:26:26,F,36,CARIACICA,VILA PRUDENCIO,A01C - OUTROS MEIOS,B,MARIDO,FEMINICIDIO,VIA PÚBLICA
188,2018-01-08T00:00:00,13:50:59,F,19,SAO GABRIEL DA PALHA,CACHOEIRA DA ONCA,A01B - ARMA BRANCA,P,CONHECIDO,HOMICÍDIO DOLOSO,VIA PÚBLICA
189,2018-03-08T00:00:00,16:17:28,F,26,ITAPEMIRIM,ITAIPAVA,A01B - ARMA BRANCA,P,NÃO INFORMADO,HOMICÍDIO DOLOSO,VIA PÚBLICA
190,2018-03-08T00:00:00,10:40:50,F,50,SAO MATEUS,CACIQUE,A01B - ARMA BRANCA,P,NÃO INFORMADO,HOMICÍDIO DOLOSO,VIA PÚBLICA
191,2018-07-08T00:00:00,22:04:01,F,21,CARIACICA,TABAJARA,A01A - ARMA DE FOGO,P,NÃO INFORMADO,HOMICÍDIO DOLOSO,VIA PÚBLICA
192,2018-08-08T00:00:00,11:00:00,F,29,ANCHIETA,NOVA ANCHIETA,A01B - ARMA BRANCA,P,NÃO INFORMADO,HOMICÍDIO DOLOSO,RESIDÊNCIA
193,2018-09-08T00:00:00,18:36:02,F,47,IRUPI,SANTA CLARA DA LARANJA,A01B - ARMA BRANCA,P,CONHECIDO,FEMINICIDIO,RESIDÊNCIA
194,2018-08-18T00:00:00,22:26:17,F,24,VILA VELHA,MORADA DA BARRA,A01B - ARMA BRANCA,P,NÃO INFORMADO,HOMICÍDIO DOLOSO,VIA PÚBLICA
195,2018-08-18T00:00:00,04:20:49,F,19,SERRA,PARQUE RESIDENCIAL LARANJEIRAS,A01B - ARMA BRANCA,P,NÃO INFORMADO,HOMICÍDIO DOLOSO,ESTABELECIMENTO  COMERCIAL
196,2018-08-25T00:00:00,12:58:02,F,25,CONCEICAO DA BARRA,SANTO AMARO,A01B - ARMA BRANCA,,NÃO INFORMADO,HOMICÍDIO DOLOSO,VIA PÚBLICA
197,2018-08-27T00:00:00,12:28:13,F,41,VITORIA,PRAIA DO CANTO,A01A - ARMA DE FOGO,P,NÃO INFORMADO,HOMICÍDIO DOLOSO,NÃO INFORMADO
198,2018-02-09T00:00:00,11:35:00,F,60,LINHARES,CENTRO,A01C - OUTROS MEIOS,B,PARENTE,FEMINICIDIO,NÃO INFORMADO
199,2018-03-09T00:00:00,10:17:41,F,15,VITORIA,CONQUISTA,A01C - OUTROS MEIOS,P,NÃO INFORMADO,HOMICÍDIO DOLOSO,VIA PÚBLICA
200,2018-04-09T00:00:00,21:08:25,F,47,SERRA,SAO MARCOS III,A01B - ARMA BRANCA,P,NÃO INFORMADO,HOMICÍDIO DOLOSO,VIA PÚBLICA
201,2018-09-09T00:00:00,18:40:52,F,34,RIO BANANAL,SANTO ANTONIO,A01B - ARMA BRANCA,P,EX-MARIDO,FEMINICIDIO,VIA PÚBLICA
202,2018-09-16T00:00:00,20:16:07,F,35,CONCEICAO DA BARRA,FLORESTA,A01A - ARMA DE FOGO,P,EX-MARIDO,FEMINICIDIO,RESIDÊNCIA
203,2018-09-18T00:00:00,11:39:00,F,,SERRA,SANTO ANTONIO,A01C - OUTROS MEIOS,P,NÃO INFORMADO,HOMICÍDIO DOLOSO,NÃO INFORMADO
204,2018-09-23T00:00:00,18:43:40,F,21,SAO MATEUS,BELA VISTA,A01B - ARMA BRANCA,P,COMPANHEIRO,FEMINICIDIO,VIA PÚBLICA
205,2018-04-10T00:00:00,20:36:18,F,49,SERRA,CASTELANDIA,A01B - ARMA BRANCA,P,NÃO INFORMADO,HOMICÍDIO DOLOSO,RESIDÊNCIA
206,2018-09-10T00:00:00,07:29:23,F,19,SERRA,CENTRAL CARAPINA,A01C - OUTROS MEIOS,P,NÃO INFORMADO,HOMICÍDIO DOLOSO,VIA PÚBLICA
207,2018-10-13T00:00:00,16:48:28,F,37,LINHARES,DESENGANO,A01B - ARMA BRANCA,N,MARIDO,FEMINICIDIO,RESIDÊNCIA
208,2018-10-17T00:00:00,11:15:00,F,14,CACHOEIRO DE ITAPEMIRIM,TEIXEIRA LEITE,A01B - ARMA BRANCA,P,NÃO INFORMADO,HOMICÍDIO DOLOSO,RIO/LAGO/LAGOA/REPRESSA
209,2018-10-18T00:00:00,15:22:23,F,23,LINHARES,REGENCIA,A01A - ARMA DE FOGO,B,COMPANHEIRO,FEMINICIDIO,VIA PÚBLICA
210,2018-10-19T00:00:00,17:37:10,F,18,IRUPI,CENTRO,A01B - ARMA BRANCA,,NÃO INFORMADO,HOMICÍDIO DOLOSO,NÃO INFORMADO
211,2018-10-20T00:00:00,21:32:53,F,33,JERONIMO MONTEIRO,SANTO ANTONIO,A01A - ARMA DE FOGO,P,EX-MARIDO,FEMINICIDIO,VIA PÚBLICA
212,2018-10-31T00:00:00,23:19:00,F,35,MARILANDIA,CENTRO,A01C - OUTROS MEIOS,P,NAMORADO,FEMINICIDIO,NÃO INFORMADO
213,2018-06-11T00:00:00,20:30:07,F,59,SERRA,OURIMAR,A01B - ARMA BRANCA,P,NÃO INFORMADO,HOMICÍDIO DOLOSO,RESIDÊNCIA
214,2018-12-11T00:00:00,11:29:30,F,36,VIANA,SOTECO,A01C - OUTROS MEIOS,,NAMORADO,FEMINICIDIO,RESIDÊNCIA
215,2018-12-11T00:00:00,14:53:03,F,25,SERRA,CARAPINA,A01B - ARMA BRANCA,N,NÃO INFORMADO,HOMICÍDIO DOLOSO,NÃO INFORMADO
216,2018-11-13T00:00:00,08:20:56,F,40,PINHEIROS,DOMICIANO,A01A - ARMA DE FOGO,P,COMPANHEIRO,FEMINICIDIO,RESIDÊNCIA
217,2018-11-22T00:00:00,05:57:00,F,22,GUARAPARI,ZONA RURAL,A01B - ARMA BRANCA,,NÃO INFORMADO,HOMICÍDIO DOLOSO,RESIDÊNCIA
218,2018-11-24T00:00:00,01:09:24,F,,LINHARES,SANTA CRUZ,A01B - ARMA BRANCA,,NÃO INFORMADO,HOMICÍDIO DOLOSO,VIA PÚBLICA
219,2018-11-24T00:00:00,07:25:19,F,43,LINHARES,CENTRO,A01B - ARMA BRANCA,B,NÃO INFORMADO,HOMICÍDIO DOLOSO,RESIDÊNCIA
220,2018-11-27T00:00:00,10:59:15,F,60,CARIACICA,ITAQUARI,A01B - ARMA BRANCA,P,NÃO INFORMADO,HOMICÍDIO DOLOSO,RESIDÊNCIA
221,2018-11-28T00:00:00,02:09:00,F,79,VILA VELHA,PRAIA DE ITAPARICA,A01C - OUTROS MEIOS,B,CONHECIDO,FEMINICIDIO,NÃO INFORMADO
222,2018-11-30T00:00:00,07:47:27,F,30,CARIACICA,FLOR DE PIRANEMA,A01B - ARMA BRANCA,P,NÃO INFORMADO,HOMICÍDIO DOLOSO,VIA PÚBLICA
223,2018-01-12T00:00:00,04:16:07,F,30,VITORIA,MONTE BELO,A01B - ARMA BRANCA,P,NÃO INFORMADO,HOMICÍDIO DOLOSO,VIA PÚBLICA
224,2018-01-12T00:00:00,14:49:29,F,60,VITORIA,ARIOVALDO FAVALESSA,A01A - ARMA DE FOGO,P,MARIDO,FEMINICIDIO,RESIDÊNCIA
225,2018-12-15T00:00:00,23:47:27,F,41,BARRA DE SAO FRANCISCO,MONTE SENIR,A01A - ARMA DE FOGO,P,MARIDO,FEMINICIDIO,NÃO INFORMADO
226,2018-12-22T00:00:00,15:56:01,F,27,LINHARES,SANTA CRUZ,A01B - ARMA BRANCA,P,NÃO INFORMADO,HOMICÍDIO DOLOSO,VIA PÚBLICA
227,2018-12-31T00:00:00,15:00:12,F,39,LINHARES,ZONA RURAL,A01A - ARMA DE FOGO,P,NÃO INFORMADO,HOMICÍDIO DOLOSO,VIA PÚBLICA
228,2019-02-01T00:00:00,00:11:38,F,35,VILA VELHA,SAO TORQUATO,A01A - ARMA DE FOGO,P,NÃO INFORMADO,HOMICÍDIO DOLOSO,VIA PÚBLICA
229,2019-02-01T00:00:00,15:34:56,F,32,CARIACICA,MOXUARA,A01C - OUTROS MEIOS,P,MARIDO,FEMINICIDIO,RESIDÊNCIA
230,2019-10-01T00:00:00,18:00:00,F,36,SERRA,CARAPINA GRANDE,A01C - OUTROS MEIOS,P,MARIDO,FEMINICIDIO,NÃO INFORMADO
231,2019-01-15T00:00:00,01:56:08,F,36,SAO MATEUS,BOM SUCESSO,A01A - ARMA DE FOGO,P,MARIDO,FEMINICIDIO,NÃO INFORMADO
232,2019-01-21T00:00:00,22:28:52,F,64,LINHARES,INTERLAGOS,A01B - ARMA BRANCA,B,PARENTE,FEMINICIDIO,RESIDÊNCIA
233,2019-01-24T00:00:00,00:13:50,F,36,SERRA,SAO GERALDO,A01B - ARMA BRANCA,P,NÃO INFORMADO,HOMICÍDIO DOLOSO,RESIDÊNCIA
234,2019-01-24T00:00:00,16:58:46,F,19,GUACUI,CENTRO,A01A - ARMA DE FOGO,B,NÃO INFORMADO,HOMICÍDIO DOLOSO,VIA PÚBLICA
235,2019-01-27T00:00:00,06:06:52,F,35,GUARAPARI,PONTAL DE SANTA MONICA,A01B - ARMA BRANCA,P,EX-MARIDO,FEMINICIDIO,RESIDÊNCIA
236,2019-01-28T00:00:00,05:38:47,F,60,SERRA,JOSE DE ANCHIETA,A01B - ARMA BRANCA,P,NÃO INFORMADO,HOMICÍDIO DOLOSO,VIA PÚBLICA
237,2019-06-02T00:00:00,00:11:17,F,25,ATILIO VIVACQUA,FLECHEIRA,A01A - ARMA DE FOGO,P,MARIDO,FEMINICIDIO,VIA PÚBLICA
238,2019-11-02T00:00:00,21:29:18,F,64,VIANA,AREINHA,A01A - ARMA DE FOGO,B,NÃO INFORMADO,HOMICÍDIO DOLOSO,RESIDÊNCIA
239,2019-02-14T00:00:00,07:16:00,F,33,VILA VALERIO,CENTRO,A01A - ARMA DE FOGO,P,NÃO INFORMADO,HOMICÍDIO DOLOSO,NÃO INFORMADO
240,2019-02-24T00:00:00,23:32:06,F,52,VILA VELHA,ATAIDE,A01B - ARMA BRANCA,P,NÃO INFORMADO,HOMICÍDIO DOLOSO,VIA PÚBLICA
241,2019-02-25T00:00:00,03:00:08,F,28,LINHARES,NOVA ESPERANCA,A01B - ARMA BRANCA,P,NÃO INFORMADO,HOMICÍDIO DOLOSO,RESIDÊNCIA
242,2019-02-25T00:00:00,03:00:08,F,33,LINHARES,NOVA ESPERANCA,A01B - ARMA BRANCA,P,NÃO INFORMADO,HOMICÍDIO DOLOSO,RESIDÊNCIA
243,2019-02-27T00:00:00,22:37:48,F,,SAO MATEUS,BOA VISTA,A01C - OUTROS MEIOS,P,NÃO INFORMADO,HOMICÍDIO DOLOSO,VIA PÚBLICA
244,2019-03-03T00:00:00,06:38:43,F,28,SERRA,PORTO DOURADO,A01B - ARMA BRANCA,P,NÃO INFORMADO,HOMICÍDIO DOLOSO,VIA PÚBLICA
245,2019-03-15T00:00:00,07:00:00,F,57,MIMOSO DO SUL,CIDADE NOVA,A01C - OUTROS MEIOS,P,EX-MARIDO,FEMINICIDIO,RESIDÊNCIA
246,2019-03-25T00:00:00,05:50:32,F,24,LINHARES,INTERLAGOS I,A01B - ARMA BRANCA,P,NÃO INFORMADO,HOMICÍDIO DOLOSO,ESTABELECIMENTO  COMERCIAL
247,2019-03-25T00:00:00,05:50:32,F,33,LINHARES,INTERLAGOS I,A01B - ARMA BRANCA,P,NÃO INFORMADO,HOMICÍDIO DOLOSO,ESTABELECIMENTO  COMERCIAL
248,2019-03-30T00:00:00,02:58:53,F,28,JAGUARE,SEAC,A01C - OUTROS MEIOS,P,NÃO INFORMADO,HOMICÍDIO DOLOSO,RESIDÊNCIA
249,2019-03-31T00:00:00,04:24:59,F,28,SERRA,BAIRRO DAS LARANJEIRAS,A01C - OUTROS MEIOS,P,MARIDO,FEMINICIDIO,NÃO INFORMADO
250,2019-01-04T00:00:00,05:36:55,F,12,COLATINA,SAO JUDAS TADEU,A01B - ARMA BRANCA,,NÃO INFORMADO,HOMICÍDIO DOLOSO,RESIDÊNCIA
251,2019-10-04T00:00:00,10:30:04,F,,VILA VELHA,PRAIA DA COSTA,A01B - ARMA BRANCA,P,NÃO INFORMADO,HOMICÍDIO DOLOSO,NÃO INFORMADO
252,2019-12-04T00:00:00,21:21:04,F,35,PANCAS,VILA VERDE,A01A - ARMA DE FOGO,P,COMPANHEIRO,FEMINICIDIO,RESIDÊNCIA
253,2019-04-14T00:00:00,03:24:07,F,24,ALEGRE,DISTRITO DE RIVE,A01C - OUTROS MEIOS,P,NÃO INFORMADO,HOMICÍDIO DOLOSO,VIA PÚBLICA
254,2019-04-16T00:00:00,16:49:01,F,35,SERRA,NOVO HORIZONTE,A01C - OUTROS MEIOS,P,EX-MARIDO,FEMINICIDIO,RESIDÊNCIA
255,2019-04-23T00:00:00,04:31:50,F,45,VILA VELHA,SANTA RITA,A01C - OUTROS MEIOS,N,COMPANHEIRO,FEMINICIDIO,RESIDÊNCIA
256,2019-04-26T00:00:00,22:21:07,F,36,CARIACICA,CAMPO VERDE,A01B - ARMA BRANCA,N,NÃO INFORMADO,HOMICÍDIO DOLOSO,RESIDÊNCIA
257,2019-04-26T00:00:00,23:50:00,F,43,ARACRUZ,VILA DO RIACHO,A01B - ARMA BRANCA,P,NÃO INFORMADO,HOMICÍDIO DOLOSO,VIA PÚBLICA
258,2019-04-30T00:00:00,20:58:46,F,24,VILA VELHA,NORMILIA DA CUNHA,A01B - ARMA BRANCA,P,MARIDO,FEMINICIDIO,RESIDÊNCIA
259,2019-01-05T00:00:00,14:07:49,F,,BARRA DE SAO FRANCISCO,MORRO DA COLINA,A01C - OUTROS MEIOS,N,NÃO INFORMADO,HOMICÍDIO DOLOSO,RESIDÊNCIA
260,2019-05-05T00:00:00,02:01:03,F,30,CARIACICA,APARECIDA,A01B - ARMA BRANCA,P,NÃO INFORMADO,HOMICÍDIO DOLOSO,VIA PÚBLICA
261,2019-06-05T00:00:00,16:11:36,F,40,SAO MATEUS,SEAC,A01C - OUTROS MEIOS,B,MARIDO,FEMINICIDIO,NÃO INFORMADO
262,2019-12-05T00:00:00,02:30:09,F,45,CACHOEIRO DE ITAPEMIRIM,CONDURU,A01B - ARMA BRANCA,B,NÃO INFORMADO,HOMICÍDIO DOLOSO,RESIDÊNCIA
263,2019-05-14T00:00:00,07:28:37,F,73,SERRA,NOVO HORIZONTE,A01B - ARMA BRANCA,B,NÃO INFORMADO,HOMICÍDIO DOLOSO,RESIDÊNCIA
264,2019-05-19T00:00:00,04:15:33,F,23,VITORIA,REDENCAO,A01B - ARMA BRANCA,N,NÃO INFORMADO,HOMICÍDIO DOLOSO,VIA PÚBLICA
265,2019-05-20T00:00:00,07:44:54,F,28,BARRA DE SAO FRANCISCO,ZONA RURAL,A01C - OUTROS MEIOS,,NÃO INFORMADO,HOMICÍDIO DOLOSO,NÃO INFORMADO
266,2019-05-20T00:00:00,12:28:42,F,14,COLATINA,VICENTE SOELA,A01C - OUTROS MEIOS,P,NÃO INFORMADO,HOMICÍDIO DOLOSO,RESIDÊNCIA
267,2019-07-06T00:00:00,15:33:31,F,33,VIANA,AREINHA,A01C - OUTROS MEIOS,,NÃO INFORMADO,HOMICÍDIO DOLOSO,NÃO INFORMADO
268,2019-10-06T00:00:00,00:05:29,F,65,SERRA,MORADA DE LARANJEIRAS,A01B - ARMA BRANCA,P,EX-MARIDO,FEMINICIDIO,RESIDÊNCIA
269,2019-06-14T00:00:00,23:24:00,F,66,CARIACICA,VISTA MAR,A01C - OUTROS MEIOS,,NÃO INFORMADO,HOMICÍDIO DOLOSO,NÃO INFORMADO
270,2019-06-19T00:00:00,07:28:33,F,38,SERRA,JARDIM CARAPINA,A01B - ARMA BRANCA,P,COMPANHEIRO,FEMINICIDIO,VIA PÚBLICA
271,2019-06-30T00:00:00,11:55:43,F,52,LINHARES,MOVELAR,A01B - ARMA BRANCA,P,NÃO INFORMADO,HOMICÍDIO DOLOSO,RESIDÊNCIA
272,2019-02-07T00:00:00,21:35:04,F,38,CARIACICA,NOVA CANAA,A01C - OUTROS MEIOS,P,MARIDO,FEMINICIDIO,RESIDÊNCIA
273,2019-06-07T00:00:00,05:51:49,F,18,VITORIA,SAO PEDRO,A01B - ARMA BRANCA,P,NÃO INFORMADO,HOMICÍDIO DOLOSO,VIA PÚBLICA
274,2019-07-17T00:00:00,04:13:47,F,25,SERRA,SAO  MARCOS II,A01A - ARMA DE FOGO,P,NAMORADO,FEMINICIDIO,VIA PÚBLICA
275,2019-07-27T00:00:00,12:55:58,F,29,NOVA VENECIA,IOLANDA,A01B - ARMA BRANCA,B,NAMORADO,FEMINICIDIO,NÃO INFORMADO
276,2019-07-31T00:00:00,01:52:51,F,38,LINHARES,NOVO HORIZONTE,A01B - ARMA BRANCA,B,MARIDO,FEMINICIDIO,RESIDÊNCIA
277,2019-07-31T00:00:00,11:07:12,F,33,LINHARES,INTERLAGOS,A01B - ARMA BRANCA,P,NAMORADO,FEMINICIDIO,RESIDÊNCIA
278,2019-07-31T00:00:00,20:27:15,F,,BOA ESPERANCA,VILA FERNANDES,A01A - ARMA DE FOGO,,COMPANHEIRO,FEMINICIDIO,RESIDÊNCIA
279,2019-03-08T00:00:00,23:36:13,F,76,CACHOEIRO DE ITAPEMIRIM,PACOTUBA,A01A - ARMA DE FOGO,P,NÃO INFORMADO,HOMICÍDIO DOLOSO,NÃO INFORMADO
280,2019-07-08T00:00:00,12:18:55,F,29,SERRA,RESIDENCIAL JACARAIPE,A01C - OUTROS MEIOS,P,COMPANHEIRO,FEMINICIDIO,RESIDÊNCIA
281,2019-11-08T00:00:00,21:28:22,F,26,PIUMA,MONTE AGHA,A01C - OUTROS MEIOS,P,COMPANHEIRO,FEMINICIDIO,VIA PÚBLICA
282,2019-08-18T00:00:00,14:05:06,F,55,VILA VELHA,ALVORADA,A01B - ARMA BRANCA,P,NÃO INFORMADO,HOMICÍDIO DOLOSO,RESIDÊNCIA
283,2019-08-31T00:00:00,16:24:22,F,27,JAGUARE,PALMITO,A01A - ARMA DE FOGO,N,NÃO INFORMADO,HOMICÍDIO DOLOSO,RESIDÊNCIA
284,2019-07-09T00:00:00,08:37:45,F,36,LINHARES,PLANALTO,A01C - OUTROS MEIOS,P,NAMORADO,FEMINICIDIO,RESIDÊNCIA
285,2019-09-09T00:00:00,20:59:58,F,14,CARIACICA,NOVA ROSA DA PENHA,A01B - ARMA BRANCA,,NÃO INFORMADO,HOMICÍDIO DOLOSO,RESIDÊNCIA
286,2019-11-09T00:00:00,04:10:07,F,26,CARIACICA,ANTONIO FERREIRA BORGES,A01B - ARMA BRANCA,P,NÃO INFORMADO,HOMICÍDIO DOLOSO,RESIDÊNCIA
287,2019-09-13T00:00:00,21:44:00,F,48,IUNA,PEQUIA,A01B - ARMA BRANCA,,EX-MARIDO,FEMINICIDIO,VIA PÚBLICA
288,2019-09-20T00:00:00,12:08:36,F,59,GUARAPARI,CENTRO,A01C - OUTROS MEIOS,P,EX-MARIDO,FEMINICIDIO,NÃO INFORMADO
289,2019-09-23T00:00:00,06:26:51,F,15,VITORIA,SAO PEDRO,A01B - ARMA BRANCA,P,NAMORADO,FEMINICIDIO,VIA PÚBLICA
290,2019-09-28T00:00:00,11:09:47,F,34,GUARAPARI,BELA VISTA,A01A - ARMA DE FOGO,N,NÃO INFORMADO,HOMICÍDIO DOLOSO,VIA PÚBLICA
291,2019-04-10T00:00:00,07:15:00,F,52,PEDRO CANARIO,CAMATA,A01A - ARMA DE FOGO,B,NÃO INFORMADO,HOMICÍDIO DOLOSO,NÃO INFORMADO
292,2019-05-10T00:00:00,03:17:00,F,48,MARATAIZES,BARRA DE ITAPEMIRIM,A01B - ARMA BRANCA,B,NÃO INFORMADO,HOMICÍDIO DOLOSO,VEÍCULO
293,2019-11-10T00:00:00,09:25:00,F,,COLATINA,XZONA RURAL,A01B - ARMA BRANCA,,NÃO INFORMADO,HOMICÍDIO DOLOSO,NÃO INFORMADO
294,2019-10-13T00:00:00,18:48:00,F,35,CARIACICA,ITANGUA,A01B - ARMA BRANCA,P,NÃO INFORMADO,HOMICÍDIO DOLOSO,VIA PÚBLICA
295,2019-10-17T00:00:00,10:52:00,F,37,VITORIA,VILA RUBIM,A01A - ARMA DE FOGO,N,COMPANHEIRO,FEMINICIDIO,NÃO INFORMADO
296,2019-10-21T00:00:00,10:11:16,F,45,SERRA,PLANALTO SERRANO,A01C - OUTROS MEIOS,,NÃO INFORMADO,HOMICÍDIO DOLOSO,VIA PÚBLICA
297,2019-10-23T00:00:00,00:29:00,F,18,CONCEICAO DA BARRA,SAO JOSE,A01B - ARMA BRANCA,N,NÃO INFORMADO,HOMICÍDIO DOLOSO,RESIDÊNCIA
298,2019-10-31T00:00:00,16:22:00,F,,SERRA,CENTRO,A01B - ARMA BRANCA,B,NÃO INFORMADO,HOMICÍDIO DOLOSO,VIA PÚBLICA
299,2019-03-11T00:00:00,07:22:10,F,37,VILA VELHA,ATAIDE,A01B - ARMA BRANCA,P,NÃO INFORMADO,HOMICÍDIO DOLOSO,VIA PÚBLICA
300,2019-05-11T00:00:00,19:37:58,F,36,BAIXO GUANDU,SAO VICENTE,A01B - ARMA BRANCA,N,NÃO INFORMADO,HOMICÍDIO DOLOSO,VIA PÚBLICA
301,2019-06-11T00:00:00,15:03:22,F,15,CARIACICA,CACHOEIRINHA,A01C - OUTROS MEIOS,N,NÃO INFORMADO,HOMICÍDIO DOLOSO,NÃO INFORMADO
302,2019-07-11T00:00:00,10:57:39,F,52,PIUMA,LAGO AZUL,A01C - OUTROS MEIOS,P,NÃO INFORMADO,HOMICÍDIO DOLOSO,RESIDÊNCIA
303,2019-07-11T00:00:00,10:57:39,F,54,PIUMA,LAGO AZUL,A01C - OUTROS MEIOS,B,PARENTE,FEMINICIDIO,RESIDÊNCIA
304,2019-07-11T00:00:00,13:15:07,F,61,COLATINA,PERPETUO SOCORRO,A01C - OUTROS MEIOS,P,NÃO INFORMADO,HOMICÍDIO DOLOSO,RESIDÊNCIA
305,2019-11-14T00:00:00,21:54:03,F,34,VILA VALERIO,ZONA RURAL,A01B - ARMA BRANCA,,NÃO INFORMADO,HOMICÍDIO DOLOSO,RESIDÊNCIA
306,2019-11-16T00:00:00,08:52:00,F,16,ALTO RIO NOVO,CORREGO DESENGANO,A01A - ARMA DE FOGO,P,NÃO INFORMADO,HOMICÍDIO DOLOSO,VIA PÚBLICA
307,2019-11-18T00:00:00,18:29:06,F,,ITARANA,ITARANINHA,A01C - OUTROS MEIOS,,EX-MARIDO,FEMINICIDIO,RESIDÊNCIA
308,2019-11-24T00:00:00,18:54:51,F,29,SERRA,PARQUE RESIDENCIAL MESTRE ALVARO,A01B - ARMA BRANCA,P,NÃO INFORMADO,HOMICÍDIO DOLOSO,VIA PÚBLICA
309,2019-11-26T00:00:00,17:24:52,F,66,CONCEICAO DA BARRA,ANTONIO LOPEZ,A01B - ARMA BRANCA,P,NÃO INFORMADO,HOMICÍDIO DOLOSO,RESIDÊNCIA
310,2019-11-27T00:00:00,23:11:43,F,37,VITORIA,CARATOIRA,A01B - ARMA BRANCA,P,NÃO INFORMADO,HOMICÍDIO DOLOSO,VIA PÚBLICA
311,2019-01-12T00:00:00,04:58:08,F,31,CACHOEIRO DE ITAPEMIRIM,AGOSTINHO SIMONATO,A01B - ARMA BRANCA,P,MARIDO,FEMINICIDIO,RESIDÊNCIA
312,2019-01-12T00:00:00,05:30:58,F,35,CARIACICA,PORTO DE SANTANA,A01B - ARMA BRANCA,P,MARIDO,FEMINICIDIO,RESIDÊNCIA
313,2019-05-12T00:00:00,02:32:50,F,34,CARIACICA,RIO BRANCO,A01A - ARMA DE FOGO,P,MARIDO,FEMINICIDIO,RESIDÊNCIA
314,2019-05-12T00:00:00,05:18:26,F,23,VITORIA,SANTA MARTHA,A01B - ARMA BRANCA,P,NÃO INFORMADO,HOMICÍDIO DOLOSO,RESIDÊNCIA
315,2019-12-22T00:00:00,05:55:58,F,27,SAO MATEUS,NESTOR GOMES,A01A - ARMA DE FOGO,B,NAMORADO,FEMINICIDIO,RESIDÊNCIA
316,2019-12-25T00:00:00,07:55:58,F,55,LINHARES,AVISO,A01A - ARMA DE FOGO,P,NÃO INFORMADO,HOMICÍDIO DOLOSO,RESIDÊNCIA
317,2019-12-28T00:00:00,19:15:38,F,39,SAO ROQUE DO CANAA,VILA VERDE,A01B - ARMA BRANCA,P,NÃO INFORMADO,HOMICÍDIO DOLOSO,VIA PÚBLICA
318,2019-12-29T00:00:00,14:03:19,F,20,CARIACICA,TABAJARA,A01B - ARMA BRANCA,N,NÃO INFORMADO,HOMICÍDIO DOLOSO,RESIDÊNCIA
319,2020-01-01T00:00:00,08:10:00,F,39,SERRA,LAGOA DE JACARAIPE,A01A - ARMA DE FOGO,B,EX-MARIDO,FEMINICIDIO,RESIDÊNCIA
320,2020-05-01T00:00:00,19:22:00,F,23,SERRA,CARAPINA I,A01B - ARMA BRANCA,P,NÃO INFORMADO,HOMICÍDIO DOLOSO,RESIDÊNCIA
321,2020-09-01T00:00:00,18:53:00,F,29,GUARAPARI,OLARIA,A01B - ARMA BRANCA,P,EX-MARIDO,FEMINICIDIO,VIA PÚBLICA
322,2020-01-16T00:00:00,15:47:00,F,39,ITAPEMIRIM,JOACIMA,A01C - OUTROS MEIOS,P,NÃO INFORMADO,HOMICÍDIO DOLOSO,NÃO INFORMADO
323,2020-01-16T00:00:00,21:40:00,F,35,SERRA,ENSEADA DE JACARAIPE,A01B - ARMA BRANCA,P,NÃO INFORMADO,HOMICÍDIO DOLOSO,VIA PÚBLICA
324,2020-01-19T00:00:00,01:21:00,F,40,FUNDAO,CAMPESTRE,A01B - ARMA BRANCA,B,EX-MARIDO,FEMINICIDIO,VIA PÚBLICA
325,2020-01-21T00:00:00,09:52:00,F,32,SANTA MARIA DE JETIBA,ALTO SANTA MARIA,A01A - ARMA DE FOGO,B,EX-MARIDO,FEMINICIDIO,RESIDÊNCIA
326,2020-01-27T00:00:00,05:26:00,F,22,VILA VELHA,ITAPOA,A01B - ARMA BRANCA,P,NÃO INFORMADO,HOMICÍDIO DOLOSO,VIA PÚBLICA
327,2020-01-28T00:00:00,07:30:00,F,36,PANCAS,SAO BENTO,A01B - ARMA BRANCA,P,NÃO INFORMADO,HOMICÍDIO DOLOSO,RESIDÊNCIA
328,2020-08-02T00:00:00,23:21:00,F,38,ANCHIETA,PRAIA DE GUANABARA,A01A - ARMA DE FOGO,P,EX-MARIDO,FEMINICIDIO,RESIDÊNCIA
329,2020-09-02T00:00:00,20:44:00,F,3,VILA VELHA,GLORIA,A01B - ARMA BRANCA,B,NÃO INFORMADO,HOMICÍDIO DOLOSO,NÃO INFORMADO
330,2020-09-02T00:00:00,14:00:00,F,21,SANTA TERESA,JARDIM DA MONTANHA,A01C - OUTROS MEIOS,P,NÃO INFORMADO,HOMICÍDIO DOLOSO,NÃO INFORMADO
331,2020-02-15T00:00:00,03:55:00,F,,VILA PAVAO,CENTRO,A01A - ARMA DE FOGO,,NÃO INFORMADO,HOMICÍDIO DOLOSO,VIA PÚBLICA
332,2020-02-16T00:00:00,07:05:00,F,29,CONCEICAO DA BARRA,CENTRO,A01A - ARMA DE FOGO,N,NÃO INFORMADO,HOMICÍDIO DOLOSO,VIA PÚBLICA
333,2020-02-18T00:00:00,05:34:00,F,,SERRA,JACUHY,A01B - ARMA BRANCA,P,NÃO INFORMADO,HOMICÍDIO DOLOSO,VIA PÚBLICA
334,2020-02-25T00:00:00,22:20:00,F,22,VILA VELHA,SANTA RITA,A01B - ARMA BRANCA,P,NÃO INFORMADO,HOMICÍDIO DOLOSO,VIA PÚBLICA
335,2020-02-26T00:00:00,22:20:00,F,43,BREJETUBA,SAO DOMINGOS PEQUENO,A01B - ARMA BRANCA,P,NÃO INFORMADO,HOMICÍDIO DOLOSO,VIA PÚBLICA
336,2020-02-28T00:00:00,07:54:00,F,33,CACHOEIRO DE ITAPEMIRIM,PACOTUBA,A01C - OUTROS MEIOS,N,NÃO INFORMADO,HOMICÍDIO DOLOSO,VIA PÚBLICA
337,2020-05-03T00:00:00,01:10:00,F,42,CONCEICAO DA BARRA,NOSSA SENHORA APARECIDA,A01B - ARMA BRANCA,N,NÃO INFORMADO,HOMICÍDIO DOLOSO,VIA PÚBLICA
338,2020-06-03T00:00:00,07:33:00,F,67,JAGUARE,CENTRO,A01A - ARMA DE FOGO,P,NÃO INFORMADO,HOMICÍDIO DOLOSO,RESIDÊNCIA
339,2020-03-13T00:00:00,08:44:00,F,36,VILA VELHA,DOM JOAO BATISTA,A01B - ARMA BRANCA,N,NÃO INFORMADO,HOMICÍDIO DOLOSO,VIA PÚBLICA
340,2020-03-15T00:00:00,13:01:00,F,,VITORIA,VILA RUBIM,A01B - ARMA BRANCA,P,NÃO INFORMADO,HOMICÍDIO DOLOSO,VIA PÚBLICA
341,2020-03-18T00:00:00,19:40:00,F,19,VITORIA,MARIA ORTIZ,A01A - ARMA DE FOGO,P,EX-COMPANHEIRO,FEMINICIDIO,RESIDÊNCIA
342,2020-03-23T00:00:00,12:48:00,F,37,CONCEICAO DO CASTELO,CENTRO,A01A - ARMA DE FOGO,N,EX-COMPANHEIRO,FEMINICIDIO,VIA PÚBLICA
343,2020-03-24T00:00:00,04:32:00,F,19,CARIACICA,PRESIDENTE MEDICE,A01B - ARMA BRANCA,B,NÃO INFORMADO,HOMICÍDIO DOLOSO,RESIDÊNCIA
344,2020-03-24T00:00:00,12:24:00,F,30,FUNDAO,ENSEADA DAS GARCAS,A01C - OUTROS MEIOS,P,COMPANHEIRO,FEMINICIDIO,RESIDÊNCIA
345,2020-03-24T00:00:00,08:58:00,F,40,RIO BANANAL,ZONA RURAL,A01C - OUTROS MEIOS,P,COMPANHEIRO,FEMINICIDIO,FLORESTA
346,2020-03-27T00:00:00,19:46:00,F,34,VILA VELHA,JARDIM GUARANHUNS,A01B - ARMA BRANCA,P,NÃO INFORMADO,HOMICÍDIO DOLOSO,VIA PÚBLICA
347,2020-03-28T00:00:00,14:24:00,F,61,DIVINO DE SAO LOURENCO,LIMO VERDE,A01A - ARMA DE FOGO,P,MARIDO,FEMINICIDIO,RESIDÊNCIA
348,2020-03-28T00:00:00,22:23:00,F,,CARIACICA,FLEXAL II,A01A - ARMA DE FOGO,P,NÃO INFORMADO,HOMICÍDIO DOLOSO,VIA PÚBLICA
349,2020-03-30T00:00:00,07:03:00,F,30,VILA VELHA,DIVINO ESPIRITO SANTO,A01C - OUTROS MEIOS,P,NÃO INFORMADO,HOMICÍDIO DOLOSO,NÃO INFORMADO
350,2020-01-04T00:00:00,00:31:00,F,34,CARIACICA,BELA AURORA,A01B - ARMA BRANCA,P,NÃO INFORMADO,HOMICÍDIO DOLOSO,VIA PÚBLICA
351,2020-04-04T00:00:00,00:04:00,F,33,LINHARES,CENTRO,A01B - ARMA BRANCA,P,NÃO INFORMADO,HOMICÍDIO DOLOSO,RESIDÊNCIA
352,2020-04-29T00:00:00,09:56:00,F,,ALTO RIO NOVO,ZONA RURAL,A01C - OUTROS MEIOS,,NÃO INFORMADO,HOMICÍDIO DOLOSO,TERRENO BALDIO
353,2020-03-05T00:00:00,00:44:00,F,19,ALEGRE,ZONA RURAL,A01B - ARMA BRANCA,P,NÃO INFORMADO,HOMICÍDIO DOLOSO,RESIDÊNCIA
354,2020-10-05T00:00:00,00:00:00,F,23,SAO MATEUS,RIBEIRAO,A01B - ARMA BRANCA,P,NÃO INFORMADO,HOMICÍDIO DOLOSO,VIA PÚBLICA
355,2020-05-13T00:00:00,13:22:00,F,,LINHARES,INTERLAGOS,A01A - ARMA DE FOGO,P,NÃO INFORMADO,HOMICÍDIO DOLOSO,VIA PÚBLICA
356,2020-05-13T00:00:00,16:40:00,F,24,SERRA,COLINA DA SERRA,A01B - ARMA BRANCA,P,NÃO INFORMADO,HOMICÍDIO DOLOSO,VIA PÚBLICA
357,2020-05-14T00:00:00,22:25:00,F,20,SERRA,FEU ROSA,A01B - ARMA BRANCA,P,NÃO INFORMADO,HOMICÍDIO DOLOSO,VIA PÚBLICA
358,2020-05-20T00:00:00,10:46:00,F,68,ITAPEMIRIM,CAMPO ACIMA,A01C - OUTROS MEIOS,B,NAMORADO,FEMINICIDIO,RESIDÊNCIA
359,2020-05-27T00:00:00,07:11:00,F,45,VITORIA,CRUZAMENTO,A01B - ARMA BRANCA,N,NÃO INFORMADO,HOMICÍDIO DOLOSO,VIA PÚBLICA
360,2020-05-28T00:00:00,08:37:00,F,,CONCEICAO DA BARRA,ZONA RURAL,A01B - ARMA BRANCA,N,NÃO INFORMADO,HOMICÍDIO DOLOSO,ZONA RURAL
361,2020-07-06T00:00:00,22:20:00,F,36,CONCEICAO DA BARRA,CENTRO,A01B - ARMA BRANCA,P,NÃO INFORMADO,HOMICÍDIO DOLOSO,VIA PÚBLICA
362,2020-11-06T00:00:00,16:37:00,F,21,CACHOEIRO DE ITAPEMIRIM,MONTE LIBANO,A01C - OUTROS MEIOS,B,NÃO INFORMADO,HOMICÍDIO DOLOSO,VIA PÚBLICA
363,2020-12-06T00:00:00,16:26:00,F,26,VILA VELHA,VALE ENCANTADO,A01B - ARMA BRANCA,P,NÃO INFORMADO,HOMICÍDIO DOLOSO,VIA PÚBLICA
364,2020-06-13T00:00:00,07:12:00,F,25,CARIACICA,RIO MARINHO,A01C - OUTROS MEIOS,P,COMPANHEIRO,FEMINICIDIO,RESIDÊNCIA
365,2020-06-13T00:00:00,14:50:00,F,19,LINHARES,SANTA CRUZ,A01B - ARMA BRANCA,N,EX-NAMORADO,FEMINICIDIO,VIA PÚBLICA
366,2020-06-14T00:00:00,11:38:00,F,58,IBATIBA,NOVO HORIZONTE,A01A - ARMA DE FOGO,P,COMPANHEIRO,FEMINICIDIO,NÃO INFORMADO
367,2020-06-15T00:00:00,10:41:00,F,26,VILA VELHA,DOM JOAO BATISTA,A01B - ARMA BRANCA,P,NÃO INFORMADO,HOMICÍDIO DOLOSO,VIA PÚBLICA
368,2020-06-18T00:00:00,20:35:00,F,32,BARRA DE SAO FRANCISCO,CENTRO,A01B - ARMA BRANCA,B,NÃO INFORMADO,HOMICÍDIO DOLOSO,NÃO INFORMADO
369,2020-06-24T00:00:00,12:52:00,F,32,MARECHAL FLORIANO,SANTA RITA,A01A - ARMA DE FOGO,B,NÃO INFORMADO,HOMICÍDIO DOLOSO,RESIDÊNCIA
370,2020-06-30T00:00:00,20:34:00,F,23,VILA VELHA,BOA VISTA I,A01B - ARMA BRANCA,,NÃO INFORMADO,HOMICÍDIO DOLOSO,VIA PÚBLICA
371,2020-04-07T00:00:00,09:32:00,F,18,CARIACICA,CASTELO BRANCO,A01C - OUTROS MEIOS,P,NÃO INFORMADO,HOMICÍDIO DOLOSO,RESIDÊNCIA
372,2020-10-07T00:00:00,20:35:00,F,28,PEDRO CANARIO,CENTRO,A01A - ARMA DE FOGO,N,MARIDO,FEMINICIDIO,RESIDÊNCIA
373,2020-11-07T00:00:00,22:01:00,F,22,DOMINGOS MARTINS,CENTRO,A01A - ARMA DE FOGO,P,NÃO INFORMADO,HOMICÍDIO DOLOSO,RESIDÊNCIA
374,2020-07-15T00:00:00,09:36:00,F,34,BOA ESPERANCA,CENTRO,A01C - OUTROS MEIOS,P,COMPANHEIRO,FEMINICIDIO,NÃO INFORMADO
375,2020-07-20T00:00:00,18:45:00,F,17,VITORIA,NOVA PALESTINA,A01B - ARMA BRANCA,P,NÃO INFORMADO,HOMICÍDIO DOLOSO,VIA PÚBLICA
376,2020-07-28T00:00:00,16:21:00,F,29,VILA VELHA,ARACAS,A01C - OUTROS MEIOS,P,NÃO INFORMADO,HOMICÍDIO DOLOSO,RESIDÊNCIA
377,2020-08-08T00:00:00,07:01:00,F,,VIANA,AREINHA,A01B - ARMA BRANCA,P,NÃO INFORMADO,HOMICÍDIO DOLOSO,VIA PÚBLICA
378,2020-09-08T00:00:00,14:22:00,F,20,IBATIBA,LACERDA SODRE DE ASSIS,A01A - ARMA DE FOGO,B,COMPANHEIRO,FEMINICIDIO,VIA PÚBLICA
379,2020-08-16T00:00:00,02:10:00,F,25,SERRA,NOVA CARAPINA I,A01B - ARMA BRANCA,P,NÃO INFORMADO,HOMICÍDIO DOLOSO,VIA PÚBLICA
380,2020-08-17T00:00:00,07:04:00,F,36,SERRA,VILA NOVA DE COLARES,A01A - ARMA DE FOGO,P,NÃO INFORMADO,HOMICÍDIO DOLOSO,VIA PÚBLICA
381,2020-08-18T00:00:00,09:54:00,F,46,ANCHIETA,GOEMBE,A01C - OUTROS MEIOS,,NÃO INFORMADO,HOMICÍDIO DOLOSO,RESIDÊNCIA
382,2020-08-19T00:00:00,00:50:00,F,49,CONCEICAO DA BARRA,NOSSA SENHORA APARECIDA,A01B - ARMA BRANCA,P,NÃO INFORMADO,HOMICÍDIO DOLOSO,VIA PÚBLICA
383,2020-08-23T00:00:00,16:02:00,F,,SERRA,ZONA RURAL,A01C - OUTROS MEIOS,,NÃO INFORMADO,HOMICÍDIO DOLOSO,TERRENO BALDIO
384,2020-08-26T00:00:00,19:30:00,F,,CARIACICA,CAMPO GRANDE,A01B - ARMA BRANCA,P,NÃO INFORMADO,HOMICÍDIO DOLOSO,VIA PÚBLICA
385,2020-02-09T00:00:00,05:45:00,F,21,BAIXO GUANDU,ZONA RURAL,A01B - ARMA BRANCA,P,NÃO INFORMADO,HOMICÍDIO DOLOSO,VIA PÚBLICA
386,2020-03-09T00:00:00,15:12:00,F,25,SANTA LEOPOLDINA,ZONA RURAL,A01C - OUTROS MEIOS,P,NÃO INFORMADO,HOMICÍDIO DOLOSO,VIA PÚBLICA
387,2020-08-09T00:00:00,19:20:00,F,28,BAIXO GUANDU,SANTA MONICA,A01B - ARMA BRANCA,P,NÃO INFORMADO,HOMICÍDIO DOLOSO,RESIDÊNCIA
388,2020-10-09T00:00:00,00:22:00,F,17,VITORIA,SAO PEDRO,A01C - OUTROS MEIOS,P,NAMORADO,FEMINICIDIO,VIA PÚBLICA
389,2020-10-09T00:00:00,22:33:00,F,40,SERRA,CENTRO DA SERRA,A01B - ARMA BRANCA,P,NÃO INFORMADO,HOMICÍDIO DOLOSO,VIA PÚBLICA
390,2020-11-09T00:00:00,12:30:00,F,,PINHEIROS,ZONA RURAL,A01B - ARMA BRANCA,N,NÃO INFORMADO,HOMICÍDIO DOLOSO,ZONA RURAL
391,2020-09-20T00:00:00,09:34:00,F,69,VILA VELHA,VINTE E TRES DE MAIO,A01C - OUTROS MEIOS,P,NÃO INFORMADO,HOMICÍDIO DOLOSO,RESIDÊNCIA
392,2020-05-10T00:00:00,15:30:00,F,36,ALTO RIO NOVO,OUTRO LOCAL,A01C - OUTROS MEIOS,B,COMPANHEIRO,FEMINICIDIO,NÃO INFORMADO
393,2020-08-10T00:00:00,14:26:00,F,26,LINHARES,POVOACAO,A01B - ARMA BRANCA,P,NÃO INFORMADO,HOMICÍDIO DOLOSO,FLORESTA
394,2020-10-10T00:00:00,14:01:00,F,50,JAGUARE,SAO JOAO DO ESTIVADO,A01A - ARMA DE FOGO,P,EX-MARIDO,FEMINICIDIO,RESIDÊNCIA
395,2020-10-13T00:00:00,16:08:00,F,35,LINHARES,INTERLAGOS,A01B - ARMA BRANCA,,NÃO INFORMADO,HOMICÍDIO DOLOSO,VIA PÚBLICA
396,2020-10-17T00:00:00,22:35:00,F,44,VILA VALERIO,OUTRO LOCAL,A01C - OUTROS MEIOS,P,NÃO INFORMADO,HOMICÍDIO DOLOSO,RESIDÊNCIA
397,2020-10-19T00:00:00,18:13:00,F,,SERRA,CIDADE NOVA DA SERRA,A01C - OUTROS MEIOS,P,NÃO INFORMADO,HOMICÍDIO DOLOSO,RESIDÊNCIA
398,2020-10-21T00:00:00,23:49:00,F,24,VILA VELHA,PRAIA DOS RECIFES,A01B - ARMA BRANCA,B,NÃO INFORMADO,HOMICÍDIO DOLOSO,VIA PÚBLICA
399,2020-10-25T00:00:00,08:20:00,F,25,CARIACICA,PROLAR,A01B - ARMA BRANCA,P,NÃO INFORMADO,HOMICÍDIO DOLOSO,VIA PÚBLICA
400,2020-10-31T00:00:00,05:06:00,F,20,VITORIA,ENSEADA DO SUA,A01B - ARMA BRANCA,P,COMPANHEIRO,FEMINICIDIO,NÃO INFORMADO
401,2020-12-11T00:00:00,13:16:00,F,49,VITORIA,JARDIM CAMBURI,A01A - ARMA DE FOGO,B,MARIDO,FEMINICIDIO,RESIDÊNCIA
402,2020-11-15T00:00:00,02:12:00,F,46,SANTA TERESA,VALAO DE SAO PEDRO,A01A - ARMA DE FOGO,P,NÃO INFORMADO,HOMICÍDIO DOLOSO,VIA PÚBLICA
403,2020-11-16T00:00:00,10:53:00,F,27,SERRA,CAMARA,A01B - ARMA BRANCA,P,MARIDO,FEMINICIDIO,VIA PÚBLICA
404,2020-11-18T00:00:00,03:49:00,F,,CONCEICAO DA BARRA,CENTRO,A01B - ARMA BRANCA,,NÃO INFORMADO,HOMICÍDIO DOLOSO,RESIDÊNCIA
405,2020-11-20T00:00:00,03:16:00,F,17,SAO MATEUS,NESTOR GOMES,A01B - ARMA BRANCA,P,NÃO INFORMADO,HOMICÍDIO DOLOSO,VIA PÚBLICA
406,2020-11-21T00:00:00,02:43:00,F,22,LINHARES,ZONA RURAL,A01B - ARMA BRANCA,P,NÃO INFORMADO,HOMICÍDIO DOLOSO,VIA PÚBLICA
407,2020-11-25T00:00:00,18:50:00,F,47,CARIACICA,BUBU,A01A - ARMA DE FOGO,P,NÃO INFORMADO,HOMICÍDIO DOLOSO,RESIDÊNCIA
408,2020-11-27T00:00:00,23:05:00,F,23,ECOPORANGA,BENEDITA MONTEIRO,A01B - ARMA BRANCA,P,NÃO INFORMADO,HOMICÍDIO DOLOSO,RESIDÊNCIA
409,2020-11-30T00:00:00,23:38:00,F,22,GUARAPARI,CAMURUGI,A01B - ARMA BRANCA,P,NÃO INFORMADO,HOMICÍDIO DOLOSO,FLORESTA
410,2020-01-12T00:00:00,06:08:00,F,30,SERRA,VILA NOVA DE COLARES,A01B - ARMA BRANCA,P,NÃO INFORMADO,HOMICÍDIO DOLOSO,RESIDÊNCIA
411,2020-02-12T00:00:00,18:53:00,F,2,LINHARES,PLANALTO,A01B - ARMA BRANCA,P,NÃO INFORMADO,HOMICÍDIO DOLOSO,VIA PÚBLICA
412,2020-02-12T00:00:00,18:53:00,F,45,LINHARES,PLANALTO,A01B - ARMA BRANCA,B,NÃO INFORMADO,HOMICÍDIO DOLOSO,VIA PÚBLICA
413,2020-05-12T00:00:00,21:36:00,F,40,BAIXO GUANDU,ROSARIO II,A01B - ARMA BRANCA,P,NÃO INFORMADO,HOMICÍDIO DOLOSO,RESIDÊNCIA
414,2020-06-12T00:00:00,00:24:00,F,28,IBATIBA,SANTA CLARA,A01A - ARMA DE FOGO,P,EX-MARIDO,FEMINICIDIO,VIA PÚBLICA
415,2020-08-12T00:00:00,21:06:00,F,54,BAIXO GUANDU,VALPARAISO,A01B - ARMA BRANCA,P,NÃO INFORMADO,HOMICÍDIO DOLOSO,VIA PÚBLICA
416,2020-12-13T00:00:00,03:48:00,F,23,LINHARES,BEBEDOURO,A01B - ARMA BRANCA,P,NÃO INFORMADO,HOMICÍDIO DOLOSO,VIA PÚBLICA
417,2020-12-15T00:00:00,12:15:00,F,31,GUACUI,ZONA RURAL,A01A - ARMA DE FOGO,P,EX-MARIDO,FEMINICIDIO,VIA PÚBLICA
418,2020-12-18T00:00:00,22:19:00,F,19,SAO MATEUS,GURIRI,A01B - ARMA BRANCA,P,NÃO INFORMADO,HOMICÍDIO DOLOSO,ESTABELECIMENTO  COMERCIAL
419,2020-12-28T00:00:00,12:51:00,F,,SERRA,CARAPINA,A01A - ARMA DE FOGO,,NÃO INFORMADO,HOMICÍDIO DOLOSO,VIA PÚBLICA
420,2020-12-29T00:00:00,22:16:00,F,27,PIUMA,MONTE AGHA,A01A - ARMA DE FOGO,B,MARIDO,FEMINICIDIO,RESIDÊNCIA
421,2021-05-01T00:00:00,19:24:00,F,36,CARIACICA,ZONA RURAL,A01B - ARMA BRANCA,P,NÃO INFORMADO,HOMICÍDIO DOLOSO,VIA PÚBLICA
422,2021-10-01T00:00:00,22:20:00,F,31,COLATINA,OLIVIO ZANOTELI,A01A - ARMA DE FOGO,P,EX-MARIDO,FEMINICIDIO,VIA PÚBLICA
423,2021-01-17T00:00:00,00:12:00,F,37,GOVERNADOR LINDENBERG,NOVO BRASIL,A01A - ARMA DE FOGO,P,NÃO INFORMADO,HOMICÍDIO DOLOSO,VIA PÚBLICA
424,2021-01-18T00:00:00,18:22:00,F,19,CONCEICAO DA BARRA,BRACO DO RIO,A01B - ARMA BRANCA,P,NÃO INFORMADO,HOMICÍDIO DOLOSO,VIA PÚBLICA
425,2021-01-18T00:00:00,20:11:00,F,37,LINHARES,INTERLAGOS,A01B - ARMA BRANCA,P,NÃO INFORMADO,HOMICÍDIO DOLOSO,NÃO INFORMADO
426,2021-01-25T00:00:00,09:26:00,F,22,CARIACICA,VALE DOS REIS,A01B - ARMA BRANCA,P,NÃO INFORMADO,HOMICÍDIO DOLOSO,VIA PÚBLICA
427,2021-01-26T00:00:00,17:08:00,F,27,RIO NOVO DO SUL,NOSSA SENHORA DA PENHA,A01A - ARMA DE FOGO,P,EX-MARIDO,FEMINICIDIO,RESIDÊNCIA
428,2021-01-02T00:00:00,12:40:00,F,30,ECOPORANGA,ZONA RURAL,A01A - ARMA DE FOGO,P,EX-MARIDO,FEMINICIDIO,NÃO INFORMADO
429,2021-02-02T00:00:00,10:13:00,F,20,JAGUARE,CENTRO,A01C - OUTROS MEIOS,P,NÃO INFORMADO,HOMICÍDIO DOLOSO,NÃO INFORMADO
430,2021-08-02T00:00:00,00:56:00,F,35,LINHARES,AVISO,A01A - ARMA DE FOGO,P,NÃO INFORMADO,HOMICÍDIO DOLOSO,VIA PÚBLICA
431,2021-09-02T00:00:00,21:46:00,F,25,CARIACICA,VILA CAPIXABA,A01A - ARMA DE FOGO,P,EX-NAMORADO,FEMINICIDIO,VIA PÚBLICA
432,2021-12-02T00:00:00,05:11:00,F,34,VILA VELHA,BALNEARIO PONTA DA FRUTA,A01B - ARMA BRANCA,P,NÃO INFORMADO,HOMICÍDIO DOLOSO,VIA PÚBLICA
433,2021-02-20T00:00:00,06:05:00,F,36,CARIACICA,SANTA CATARINA,A01A - ARMA DE FOGO,P,EX-NAMORADO,FEMINICIDIO,RESIDÊNCIA
434,2021-02-23T00:00:00,23:40:00,F,44,SANTA MARIA DE JETIBA,RIO POSS MOUSER,A01B - ARMA BRANCA,P,NÃO INFORMADO,HOMICÍDIO DOLOSO,RESIDÊNCIA
435,2021-06-03T00:00:00,17:49:00,F,57,JAGUARE,AGUA LIMPA,A01C - OUTROS MEIOS,P,NÃO INFORMADO,HOMICÍDIO DOLOSO,FLORESTA
436,2021-09-03T00:00:00,04:50:00,F,39,MUCURICI,ITABAIANA,A01A - ARMA DE FOGO,P,COMPANHEIRO,FEMINICIDIO,VIA PÚBLICA
437,2021-11-03T00:00:00,23:59:00,F,24,SERRA,BALNEARIO DE CARAPEBUS,A01A - ARMA DE FOGO,P,COMPANHEIRO,FEMINICIDIO,RESIDÊNCIA
438,2021-03-15T00:00:00,01:50:00,F,33,SERRA,VILA NOVA DE COLARES,A01A - ARMA DE FOGO,P,COMPANHEIRO,FEMINICIDIO,RESIDÊNCIA
439,2021-03-21T00:00:00,22:24:00,F,41,CARIACICA,SANTA BARBARA,A01B - ARMA BRANCA,P,NÃO INFORMADO,HOMICÍDIO DOLOSO,VIA PÚBLICA
440,2021-03-23T00:00:00,07:38:00,F,19,ARACRUZ,CENTRO,A01C - OUTROS MEIOS,P,NÃO INFORMADO,HOMICÍDIO DOLOSO,VIA PÚBLICA
441,2021-03-26T00:00:00,14:03:00,F,51,VITORIA,ANDORINHAS,A01B - ARMA BRANCA,P,NÃO INFORMADO,HOMICÍDIO DOLOSO,VIA PÚBLICA
442,2021-02-04T00:00:00,19:09:00,F,14,JAGUARE,PALMITO,A01B - ARMA BRANCA,B,NÃO INFORMADO,HOMICÍDIO DOLOSO,RESIDÊNCIA
443,2021-02-04T00:00:00,18:22:00,F,36,CACHOEIRO DE ITAPEMIRIM,CORAMARA,A01B - ARMA BRANCA,B,COMPANHEIRO,FEMINICIDIO,VIA PÚBLICA
444,2021-02-04T00:00:00,06:18:00,F,35,VILA VELHA,COQUEIRAL DE ITAPARICA,A01B - ARMA BRANCA,P,COMPANHEIRO,FEMINICIDIO,VIA PÚBLICA
445,2021-03-04T00:00:00,13:19:00,F,68,VILA VELHA,PRIMEIRO DE MAIO,A01B - ARMA BRANCA,P,COMPANHEIRO,FEMINICIDIO,VIA PÚBLICA
446,2021-11-04T00:00:00,19:13:00,F,49,VITORIA,JARDIM DA PENHA,A01B - ARMA BRANCA,P,MARIDO,FEMINICIDIO,RESIDÊNCIA
447,2021-12-04T00:00:00,03:28:00,F,30,NOVA VENECIA,CENTRAL,A01B - ARMA BRANCA,P,NÃO INFORMADO,HOMICÍDIO DOLOSO,VIA PÚBLICA
448,2021-04-18T00:00:00,12:15:00,F,62,SANTA LEOPOLDINA,COLINA VERDE,A01B - ARMA BRANCA,B,NÃO INFORMADO,HOMICÍDIO DOLOSO,RESIDÊNCIA
449,2021-04-20T00:00:00,15:28:00,F,43,ANCHIETA,CENTRO,A01B - ARMA BRANCA,P,NÃO INFORMADO,HOMICÍDIO DOLOSO,RESIDÊNCIA
450,2021-04-24T00:00:00,17:19:00,F,15,CARIACICA,VILA PRUDENCIO,A01B - ARMA BRANCA,B,COMPANHEIRO,FEMINICIDIO,VIA PÚBLICA
451,2021-04-24T00:00:00,00:09:00,F,33,GUARAPARI,IPIRANGA,A01B - ARMA BRANCA,P,NÃO INFORMADO,HOMICÍDIO DOLOSO,VIA PÚBLICA
452,2021-02-05T00:00:00,23:19:00,F,46,VILA VELHA,BARRAMARES,A01B - ARMA BRANCA,P,NÃO INFORMADO,HOMICÍDIO DOLOSO,RESIDÊNCIA
453,2021-06-05T00:00:00,21:41:00,F,21,SAO MATEUS,ZONA RURAL,A01B - ARMA BRANCA,B,NÃO INFORMADO,HOMICÍDIO DOLOSO,VIA PÚBLICA
454,2021-10-05T00:00:00,06:50:00,F,39,CACHOEIRO DE ITAPEMIRIM,AQUIDABAN,A01A - ARMA DE FOGO,N,NÃO INFORMADO,HOMICÍDIO DOLOSO,VIA PÚBLICA
455,2021-05-15T00:00:00,01:01:00,F,36,CASTELO,ARACUI,A01B - ARMA BRANCA,B,COMPANHEIRO,FEMINICIDIO,RESIDÊNCIA
456,2021-05-16T00:00:00,13:24:00,F,17,SAO MATEUS,ZONA RURAL,A01B - ARMA BRANCA,P,NÃO INFORMADO,HOMICÍDIO DOLOSO,FLORESTA
457,2021-05-19T00:00:00,15:02:00,F,6,ECOPORANGA,NOSSA SENHORA D APENHA,A01C - OUTROS MEIOS,P,CONHECIDO,FEMINICIDIO,RESIDÊNCIA
458,2021-05-21T00:00:00,23:02:00,F,38,RIO BANANAL,SAO JACINTO,A01A - ARMA DE FOGO,B,CONHECIDO,FEMINICIDIO,VIA PÚBLICA
459,2021-05-29T00:00:00,04:27:00,F,21,SERRA,PLANALTO SERRANO,A01B - ARMA BRANCA,P,NÃO INFORMADO,HOMICÍDIO DOLOSO,NÃO INFORMADO
460,2021-01-06T00:00:00,18:29:00,F,55,ANCHIETA,CENTRO,A01A - ARMA DE FOGO,P,NÃO INFORMADO,HOMICÍDIO DOLOSO,RESIDÊNCIA
461,2021-08-06T00:00:00,14:48:00,F,46,CARIACICA,CANGAIBA,A01C - OUTROS MEIOS,P,NÃO INFORMADO,HOMICÍDIO DOLOSO,RESIDÊNCIA
462,2021-06-15T00:00:00,08:28:00,F,4,SAO DOMINGOS DO NORTE,CENTRO,A01C - OUTROS MEIOS,P,PARENTE,FEMINICIDIO,RESIDÊNCIA
463,2021-06-15T00:00:00,08:28:00,F,18,SAO DOMINGOS DO NORTE,CENTRO,A01C - OUTROS MEIOS,P,CONHECIDO,FEMINICIDIO,RESIDÊNCIA
464,2021-06-15T00:00:00,08:28:00,F,40,SAO DOMINGOS DO NORTE,CENTRO,A01C - OUTROS MEIOS,P,MARIDO,FEMINICIDIO,RESIDÊNCIA
465,2021-06-16T00:00:00,00:45:00,F,17,VILA VELHA,ILHA DAS FLORES,A01B - ARMA BRANCA,P,NÃO INFORMADO,HOMICÍDIO DOLOSO,VIA PÚBLICA
466,2021-06-19T00:00:00,07:32:00,F,38,MIMOSO DO SUL,ZONA RURAL,A01A - ARMA DE FOGO,P,NAMORADO,FEMINICIDIO,NÃO INFORMADO
467,2021-06-20T00:00:00,09:58:00,F,30,SANTA LEOPOLDINA,ZONA RURAL,A01C - OUTROS MEIOS,B,NÃO INFORMADO,HOMICÍDIO DOLOSO,VIA PÚBLICA
468,2021-06-21T00:00:00,14:44:00,F,32,SAO MATEUS,FATIMA,A01A - ARMA DE FOGO,B,MARIDO,FEMINICIDIO,RESIDÊNCIA
469,2021-06-24T00:00:00,01:00:00,F,29,ARACRUZ,LIMAO,A01C - OUTROS MEIOS,B,NÃO INFORMADO,HOMICÍDIO DOLOSO,RESIDÊNCIA
470,2021-06-28T00:00:00,00:14:00,F,26,LINHARES,SANTA CRUZ,A01B - ARMA BRANCA,P,NÃO INFORMADO,HOMICÍDIO DOLOSO,NÃO INFORMADO
471,2021-02-07T00:00:00,21:14:00,F,43,BOA ESPERANCA,CENTRO,A01B - ARMA BRANCA,P,NÃO INFORMADO,HOMICÍDIO DOLOSO,RESIDÊNCIA
472,2021-04-07T00:00:00,12:44:00,F,19,VILA VELHA,ALECRIM,A01B - ARMA BRANCA,P,NÃO INFORMADO,HOMICÍDIO DOLOSO,ESTABELECIMENTO  COMERCIAL
473,2021-06-07T00:00:00,07:54:00,F,35,VILA VELHA,BARRAMARES,A01B - ARMA BRANCA,N,NÃO INFORMADO,HOMICÍDIO DOLOSO,VIA PÚBLICA
474,2021-07-07T00:00:00,03:24:00,F,20,VITORIA,ANDORINHAS,A01B - ARMA BRANCA,P,NÃO INFORMADO,HOMICÍDIO DOLOSO,RESIDÊNCIA
475,2021-12-07T00:00:00,18:41:00,F,33,VILA VALERIO,ZONA RURAL,A01B - ARMA BRANCA,P,NÃO INFORMADO,HOMICÍDIO DOLOSO,VIA PÚBLICA
476,2021-07-14T00:00:00,23:47:00,F,48,MUQUI,SANTA RITA,A01B - ARMA BRANCA,P,MARIDO,FEMINICIDIO,RESIDÊNCIA
477,2021-07-16T00:00:00,09:14:00,F,22,CONCEICAO DA BARRA,SANTO AMARO,A01C - OUTROS MEIOS,P,NÃO INFORMADO,HOMICÍDIO DOLOSO,VIA PÚBLICA
478,2021-07-18T00:00:00,11:28:00,F,49,SANTA TERESA,ALTO SANTO ANTONIO,A01B - ARMA BRANCA,B,MARIDO,FEMINICIDIO,RESIDÊNCIA
479,2021-07-22T00:00:00,16:36:00,F,38,ITAPEMIRIM,ITAOCA,A01B - ARMA BRANCA,B,NÃO INFORMADO,HOMICÍDIO DOLOSO,VIA PÚBLICA
480,2021-07-28T00:00:00,18:05:00,F,42,AFONSO CLAUDIO,SAO VICENTE,A01A - ARMA DE FOGO,P,MARIDO,FEMINICIDIO,VIA PÚBLICA
481,2021-01-08T00:00:00,23:23:00,F,52,GUARAPARI,SANTA MONICA,A01B - ARMA BRANCA,P,NÃO INFORMADO,HOMICÍDIO DOLOSO,VIA PÚBLICA
482,2021-03-08T00:00:00,12:34:00,F,25,SOORETAMA,SALVADOR,A01B - ARMA BRANCA,P,NÃO INFORMADO,HOMICÍDIO DOLOSO,VIA PÚBLICA
483,2021-04-08T00:00:00,08:10:00,F,61,VILA VELHA,PRAIA DA COSTA,A01A - ARMA DE FOGO,P,NÃO INFORMADO,HOMICÍDIO DOLOSO,RESIDÊNCIA
484,2021-05-08T00:00:00,07:53:00,F,75,BAIXO GUANDU,SANTA MONICA,A01C - OUTROS MEIOS,P,NÃO INFORMADO,HOMICÍDIO DOLOSO,RESIDÊNCIA
485,2021-08-13T00:00:00,23:27:00,F,48,CONCEICAO DA BARRA,BRACO DO RIO,A01B - ARMA BRANCA,N,NÃO INFORMADO,HOMICÍDIO DOLOSO,ESTABELECIMENTO  COMERCIAL
486,2021-08-17T00:00:00,13:18:00,F,25,SERRA,CASTELANDIA,A01A - ARMA DE FOGO,P,NAMORADO,FEMINICIDIO,VIA PÚBLICA
487,2021-08-18T00:00:00,13:07:00,F,36,CARIACICA,SAO JOAO BATISTA,A01B - ARMA BRANCA,P,NÃO INFORMADO,HOMICÍDIO DOLOSO,RESIDÊNCIA
488,2021-08-18T00:00:00,21:49:00,F,19,CONCEICAO DA BARRA,BRACO DO RIO,A01B - ARMA BRANCA,P,NÃO INFORMADO,HOMICÍDIO DOLOSO,VIA PÚBLICA
489,2021-08-20T00:00:00,20:24:00,F,39,VILA VELHA,ARIBIRI,A01C - OUTROS MEIOS,B,COMPANHEIRO,FEMINICIDIO,RESIDÊNCIA
490,2021-08-26T00:00:00,06:37:00,F,43,SAO GABRIEL DA PALHA,SANTA CECILIA,A01B - ARMA BRANCA,B,NAMORADO,FEMINICIDIO,RESIDÊNCIA
491,2021-08-26T00:00:00,14:09:00,F,32,GUARAPARI,CENTRO,A01C - OUTROS MEIOS,P,NÃO INFORMADO,HOMICÍDIO DOLOSO,VIA PÚBLICA
492,2021-08-30T00:00:00,11:23:00,F,30,SERRA,CENTRO,A01B - ARMA BRANCA,P,NÃO INFORMADO,HOMICÍDIO DOLOSO,VIA PÚBLICA
493,2021-04-09T00:00:00,08:33:00,F,23,LINHARES,ZONA RURAL,A01B - ARMA BRANCA,P,NÃO INFORMADO,HOMICÍDIO DOLOSO,ZONA RURAL
494,2021-09-15T00:00:00,19:21:00,F,40,MARATAIZES,BARRA DE ITAPEMIRIM,A01A - ARMA DE FOGO,N,NAMORADO,FEMINICIDIO,RESIDÊNCIA
495,2021-09-15T00:00:00,06:00:00,F,11,MARATAIZES,BARRA DE ITAPEMIRIM,A01A - ARMA DE FOGO,N,NÃO INFORMADO,HOMICÍDIO DOLOSO,RESIDÊNCIA
496,2021-09-19T00:00:00,13:46:00,F,30,LINHARES,INTERLAGOS,A01B - ARMA BRANCA,P,NÃO INFORMADO,HOMICÍDIO DOLOSO,VIA PÚBLICA
497,2021-09-19T00:00:00,22:24:00,F,29,CONCEICAO DA BARRA,BRACO DO RIO,A01B - ARMA BRANCA,P,NÃO INFORMADO,HOMICÍDIO DOLOSO,RESIDÊNCIA
498,2021-09-25T00:00:00,18:49:00,F,36,CONCEICAO DO CASTELO,NICOLAU VARGAS,A01B - ARMA BRANCA,P,EX-MARIDO,FEMINICIDIO,VIA PÚBLICA
499,2021-09-26T00:00:00,05:29:00,F,41,CARIACICA,FLEXAL II,A01B - ARMA BRANCA,P,NÃO INFORMADO,HOMICÍDIO DOLOSO,VIA PÚBLICA
500,2021-02-10T00:00:00,15:08:00,F,71,BAIXO GUANDU,CENTRO,A01B - ARMA BRANCA,P,NÃO INFORMADO,HOMICÍDIO DOLOSO,NÃO INFORMADO
501,2021-03-10T00:00:00,16:45:00,F,64,GUARAPARI,IPIRANGA,A01B - ARMA BRANCA,P,NÃO INFORMADO,HOMICÍDIO DOLOSO,VIA PÚBLICA
502,2021-03-10T00:00:00,15:13:00,F,39,CONCEICAO DO CASTELO,TAQUARUCU,A01C - OUTROS MEIOS,B,EX-MARIDO,FEMINICIDIO,VIA PÚBLICA
503,2021-07-10T00:00:00,19:56:00,F,33,BAIXO GUANDU,IBITUBA,A01B - ARMA BRANCA,B,NÃO INFORMADO,HOMICÍDIO DOLOSO,RESIDÊNCIA
504,2021-07-10T00:00:00,10:02:00,F,56,SAO MATEUS,GURIRI,A01B - ARMA BRANCA,P,NÃO INFORMADO,HOMICÍDIO DOLOSO,RESIDÊNCIA
505,2021-08-10T00:00:00,03:16:00,F,31,CARIACICA,ITACIBA,A01B - ARMA BRANCA,P,NÃO INFORMADO,HOMICÍDIO DOLOSO,VIA PÚBLICA
506,2021-08-10T00:00:00,14:41:00,F,35,VILA VELHA,ALECRIM,A01B - ARMA BRANCA,P,NÃO INFORMADO,HOMICÍDIO DOLOSO,VIA PÚBLICA
507,2021-09-10T00:00:00,16:25:00,F,34,SAO MATEUS,CENTRO,A01A - ARMA DE FOGO,P,EX-COMPANHEIRO,FEMINICIDIO,RESIDÊNCIA
508,2021-12-10T00:00:00,18:49:00,F,33,LINHARES,INTERLAGOS,A01A - ARMA DE FOGO,P,COMPANHEIRO,FEMINICIDIO,VIA PÚBLICA
509,2021-10-16T00:00:00,02:47:00,F,8,CONCEICAO DA BARRA,BRACO DO RIO,A01B - ARMA BRANCA,N,NÃO INFORMADO,HOMICÍDIO DOLOSO,RESIDÊNCIA
510,2021-10-16T00:00:00,17:23:00,F,48,VILA VELHA,DARLY SANTOS,A01B - ARMA BRANCA,P,NÃO INFORMADO,HOMICÍDIO DOLOSO,TERRENO BALDIO
511,2021-10-17T00:00:00,21:23:00,F,47,CACHOEIRO DE ITAPEMIRIM,SANTO ANTONIO,A01B - ARMA BRANCA,B,NAMORADO,FEMINICIDIO,RESIDÊNCIA
512,2021-10-25T00:00:00,07:19:00,F,37,SERRA,TAQUARA II,A01A - ARMA DE FOGO,P,NÃO INFORMADO,HOMICÍDIO DOLOSO,VIA PÚBLICA
513,2021-10-25T00:00:00,20:43:00,F,35,AGUIA BRANCA,ZONA RURAL,A01B - ARMA BRANCA,B,NÃO INFORMADO,HOMICÍDIO DOLOSO,RESIDÊNCIA
514,2021-10-27T00:00:00,17:11:00,F,11,SAO GABRIEL DA PALHA,PROGRESSO,A01A - ARMA DE FOGO,B,NÃO INFORMADO,HOMICÍDIO DOLOSO,RESIDÊNCIA
515,2021-10-28T00:00:00,16:29:00,F,17,ARACRUZ,SANTA ROSA,A01B - ARMA BRANCA,P,NÃO INFORMADO,HOMICÍDIO DOLOSO,ZONA RURAL
516,2021-10-28T00:00:00,16:40:00,F,35,GUACUI,MANOEL MONTEIRO TORRES,A01C - OUTROS MEIOS,P,EX-COMPANHEIRO,FEMINICIDIO,VIA PÚBLICA
517,2021-10-30T00:00:00,10:54:00,F,43,VILA VELHA,BOA VISTA I,A01B - ARMA BRANCA,P,NÃO INFORMADO,HOMICÍDIO DOLOSO,VIA PÚBLICA
518,2021-10-31T00:00:00,03:22:00,F,18,CACHOEIRO DE ITAPEMIRIM,GILSON CARONE,A01B - ARMA BRANCA,B,NÃO INFORMADO,HOMICÍDIO DOLOSO,PRAÇA
519,2021-06-11T00:00:00,16:21:00,F,30,GUARAPARI,NOVA GUARAPARI,A01A - ARMA DE FOGO,P,MARIDO,FEMINICIDIO,VIA PÚBLICA
520,2021-06-11T00:00:00,21:42:00,F,45,SERRA,RESIDENCIAL NOVA ALMEIDA,A01C - OUTROS MEIOS,P,COMPANHEIRO,FEMINICIDIO,RESIDÊNCIA
521,2021-12-11T00:00:00,18:56:00,F,44,SERRA,PLANALTO SERRANO,A01A - ARMA DE FOGO,P,MARIDO,FEMINICIDIO,RESIDÊNCIA
522,2021-11-16T00:00:00,18:04:00,F,54,MARECHAL FLORIANO,PONTO FRIO,A01B - ARMA BRANCA,P,NÃO INFORMADO,HOMICÍDIO DOLOSO,VIA PÚBLICA
523,2021-11-25T00:00:00,11:03:00,F,39,VILA VELHA,ZUMBI DOS PALMARES,A01B - ARMA BRANCA,P,NÃO INFORMADO,HOMICÍDIO DOLOSO,RESIDÊNCIA
524,2021-11-25T00:00:00,11:05:00,F,20,VILA VELHA,JARDIM MARILANDIA,A01B - ARMA BRANCA,B,MARIDO,FEMINICIDIO,VIA PÚBLICA
525,2021-11-26T00:00:00,22:57:00,F,20,JAGUARE,LOTEAMENTO VILAGIO,A01B - ARMA BRANCA,B,NÃO INFORMADO,HOMICÍDIO DOLOSO,VIA PÚBLICA
526,2021-03-12T00:00:00,18:32:00,F,18,VITORIA,GRANDE VITORIA,A01B - ARMA BRANCA,P,NAMORADO,FEMINICIDIO,RESIDÊNCIA
527,2021-12-13T00:00:00,14:41:00,F,,CARIACICA,VISTA LINDA,A01B - ARMA BRANCA,N,NÃO INFORMADO,HOMICÍDIO DOLOSO,NÃO INFORMADO
528,2022-02-01T00:00:00,08:45:00,F,28,CARIACICA,FLEXAL II,A01B - ARMA BRANCA,P,NÃO INFORMADO,HOMICÍDIO DOLOSO,VIA PÚBLICA
529,2022-04-01T00:00:00,09:34:00,F,24,SAO MATEUS,GURIRI,A01B - ARMA BRANCA,P,NAMORADO,FEMINICIDIO,RESIDÊNCIA
530,2022-06-01T00:00:00,15:08:00,F,17,LINHARES,NOVA ESPERANCA,A01A - ARMA DE FOGO,P,NÃO INFORMADO,HOMICÍDIO DOLOSO,TERRENO BALDIO
531,2022-08-01T00:00:00,22:01:00,F,37,CACHOEIRO DE ITAPEMIRIM,GUANDU,A01A - ARMA DE FOGO,P,EX-COMPANHEIRO,FEMINICIDIO,VIA PÚBLICA
532,2022-10-01T00:00:00,03:50:00,F,18,VILA VELHA,SOTECO,A01B - ARMA BRANCA,P,NÃO INFORMADO,HOMICÍDIO DOLOSO,RESIDÊNCIA
533,2022-01-13T00:00:00,07:12:00,F,47,VILA VELHA,ARIBIRI,A01B - ARMA BRANCA,P,NÃO INFORMADO,HOMICÍDIO DOLOSO,VIA PÚBLICA
534,2022-01-13T00:00:00,09:03:00,F,35,VITORIA,REDENCAO,A01C - OUTROS MEIOS,P,COMPANHEIRO,FEMINICIDIO,NÃO INFORMADO
535,2022-01-13T00:00:00,13:53:00,F,43,MUCURICI,AGUA BOA,A01B - ARMA BRANCA,B,MARIDO,FEMINICIDIO,RESIDÊNCIA
536,2022-01-16T00:00:00,07:32:00,F,46,SERRA,NOVA CARAPINA II,A01B - ARMA BRANCA,N,NÃO INFORMADO,HOMICÍDIO DOLOSO,ESTABELECIMENTO  COMERCIAL
537,2022-01-19T00:00:00,22:46:00,F,44,MARECHAL FLORIANO,CENTRO,A01A - ARMA DE FOGO,N,MARIDO,FEMINICIDIO,VIA PÚBLICA
538,2022-01-21T00:00:00,04:17:00,F,15,VILA VELHA,PLANALTO,A01B - ARMA BRANCA,P,NÃO INFORMADO,HOMICÍDIO DOLOSO,RESIDÊNCIA
539,2022-01-23T00:00:00,17:37:00,F,36,VILA VELHA,ALVORADA,A01C - OUTROS MEIOS,N,NÃO INFORMADO,HOMICÍDIO DOLOSO,RESIDÊNCIA
540,2022-01-24T00:00:00,12:22:00,F,26,ITAPEMIRIM,JOACIMA,A01B - ARMA BRANCA,P,NÃO INFORMADO,HOMICÍDIO DOLOSO,VIA PÚBLICA
541,2022-01-25T00:00:00,00:13:00,F,46,VILA VELHA,JABURUNA,A01B - ARMA BRANCA,N,NÃO INFORMADO,HOMICÍDIO DOLOSO,VIA PÚBLICA
542,2022-01-30T00:00:00,04:25:00,F,25,SERRA,BALNEARIO DE CARAPEBUS,A01B - ARMA BRANCA,P,NÃO INFORMADO,HOMICÍDIO DOLOSO,VIA PÚBLICA
543,2022-04-02T00:00:00,10:31:00,F,27,CACHOEIRO DE ITAPEMIRIM,NOSSA SENHORA DE FATIMA,A01A - ARMA DE FOGO,P,NÃO INFORMADO,HOMICÍDIO DOLOSO,RESIDÊNCIA
544,2022-10-02T00:00:00,11:46:00,F,15,VILA VELHA,ZUMBI DOS PALMARES,A01B - ARMA BRANCA,P,NÃO INFORMADO,HOMICÍDIO DOLOSO,VIA PÚBLICA
545,2022-02-17T00:00:00,02:00:00,F,36,VILA VELHA,PRAIA DE ITAPARICA,A01B - ARMA BRANCA,B,NÃO INFORMADO,HOMICÍDIO DOLOSO,VIA PÚBLICA
546,2022-02-19T00:00:00,23:29:00,F,31,VILA VELHA,IBES,A01B - ARMA BRANCA,B,NÃO INFORMADO,HOMICÍDIO DOLOSO,VIA PÚBLICA
547,2022-02-24T00:00:00,08:10:00,F,40,VILA VALERIO,FLOR DE MAIO,A01B - ARMA BRANCA,B,NÃO INFORMADO,HOMICÍDIO DOLOSO,RESIDÊNCIA
548,2022-02-24T00:00:00,08:10:00,F,15,VILA VALERIO,FLOR DE MAIO,A01B - ARMA BRANCA,B,NÃO INFORMADO,HOMICÍDIO DOLOSO,RESIDÊNCIA
549,2022-05-03T00:00:00,23:42:00,F,29,LINHARES,AVISO,A01B - ARMA BRANCA,P,NÃO INFORMADO,HOMICÍDIO DOLOSO,VIA PÚBLICA
550,2022-12-03T00:00:00,15:39:00,F,34,DOMINGOS MARTINS,GOIABEIRAS,A01A - ARMA DE FOGO,P,NÃO INFORMADO,HOMICÍDIO DOLOSO,VIA PÚBLICA
551,2022-03-18T00:00:00,17:55:00,F,34,CARIACICA,PADRE GABRIEL,A01C - OUTROS MEIOS,P,MARIDO,FEMINICIDIO,VIA PÚBLICA
552,2022-03-20T00:00:00,17:33:00,F,24,SANTA MARIA DE JETIBA,ALTO SAO SEBASTIAO,A01A - ARMA DE FOGO,B,CONHECIDO,FEMINICIDIO,ZONA RURAL
553,2022-03-27T00:00:00,05:03:00,F,23,SERRA,VILA NOVA DE COLARES,A01B - ARMA BRANCA,N,NÃO INFORMADO,HOMICÍDIO DOLOSO,VIA PÚBLICA
554,2022-03-27T00:00:00,05:03:00,F,27,SERRA,VILA NOVA DE COLARES,A01B - ARMA BRANCA,P,NÃO INFORMADO,HOMICÍDIO DOLOSO,VIA PÚBLICA
555,2022-03-31T00:00:00,11:39:00,F,80,JERONIMO MONTEIRO,ZONA RURAL,A01C - OUTROS MEIOS,B,NÃO INFORMADO,HOMICÍDIO DOLOSO,NÃO INFORMADO
556,2022-03-04T00:00:00,21:09:00,F,45,SERRA,GUARACIABA,A01B - ARMA BRANCA,P,NÃO INFORMADO,HOMICÍDIO DOLOSO,VIA PÚBLICA
557,2022-09-04T00:00:00,23:03:00,F,32,CACHOEIRO DE ITAPEMIRIM,NOVO PARQUE,A01B - ARMA BRANCA,N,NÃO INFORMADO,HOMICÍDIO DOLOSO,VIA PÚBLICA
558,2022-10-04T00:00:00,18:04:00,F,19,VITORIA,MONTE BELO,A01B - ARMA BRANCA,P,NÃO INFORMADO,HOMICÍDIO DOLOSO,RESIDÊNCIA
559,2022-04-15T00:00:00,05:50:00,F,20,CARIACICA,FLEXAL I,A01B - ARMA BRANCA,N,NÃO INFORMADO,HOMICÍDIO DOLOSO,RESIDÊNCIA
560,2022-04-17T00:00:00,03:58:00,F,22,JAGUARE,CORREGO CAXIMBAL,A01C - OUTROS MEIOS,P,COMPANHEIRO,FEMINICIDIO,RESIDÊNCIA
561,2022-04-19T00:00:00,07:58:00,F,16,CARIACICA,CAMPINA GRANDE,A01C - OUTROS MEIOS,P,NÃO INFORMADO,HOMICÍDIO DOLOSO,VIA PÚBLICA
562,2022-04-20T00:00:00,06:51:00,F,38,CONCEICAO DA BARRA,SAYONARA,A01A - ARMA DE FOGO,P,EX-MARIDO,FEMINICIDIO,VIA PÚBLICA
563,2022-04-24T00:00:00,13:24:00,F,35,CACHOEIRO DE ITAPEMIRIM,VALAO,A01B - ARMA BRANCA,P,NAMORADO,FEMINICIDIO,RESIDÊNCIA
564,2022-04-27T00:00:00,22:08:00,F,10,VILA VELHA,SANTA RITA,A01B - ARMA BRANCA,P,NÃO INFORMADO,HOMICÍDIO DOLOSO,VIA PÚBLICA
565,2022-04-28T00:00:00,20:00:00,F,45,VILA VELHA,BARRAMARES,A01B - ARMA BRANCA,N,NÃO INFORMADO,HOMICÍDIO DOLOSO,RESIDÊNCIA
566,2022-02-05T00:00:00,00:29:00,F,27,ITAPEMIRIM,MARAGUA,A01B - ARMA BRANCA,P,NÃO INFORMADO,HOMICÍDIO DOLOSO,VIA PÚBLICA
567,2022-06-05T00:00:00,20:33:00,F,20,CARIACICA,ORIENTE,A01A - ARMA DE FOGO,P,MARIDO,FEMINICIDIO,RESIDÊNCIA
568,2022-12-05T00:00:00,18:20:39,F,47,SERRA,JARDIM CARAPINA,A01C - OUTROS MEIOS,P,NÃO INFORMADO,HOMICÍDIO DOLOSO,RESIDÊNCIA
569,2022-05-13T00:00:00,22:29:11,F,54,CONCEICAO DO CASTELO,ARTHUR SOARES,A01A - ARMA DE FOGO,P,COMPANHEIRO,FEMINICIDIO,RESIDÊNCIA
570,2022-05-16T00:00:00,23:37:02,F,33,COLATINA,CARLOS GERMANO NAUMAM,A01A - ARMA DE FOGO,P,MARIDO,FEMINICIDIO,VIA PÚBLICA
571,2022-05-16T00:00:00,23:42:19,F,37,VILA VELHA,SOTECO,A01B - ARMA BRANCA,P,NÃO INFORMADO,HOMICÍDIO DOLOSO,VIA PÚBLICA
572,2022-05-17T00:00:00,22:26:51,F,18,PIUMA,CENTRO,A01A - ARMA DE FOGO,P,NÃO INFORMADO,HOMICÍDIO DOLOSO,RESIDÊNCIA
573,2022-02-06T00:00:00,19:06:25,F,56,AGUA DOCE DO NORTE,CRISTO REI,A01A - ARMA DE FOGO,P,MARIDO,FEMINICIDIO,RESIDÊNCIA
574,2022-03-06T00:00:00,22:35:46,F,25,VILA VELHA,BARRAMARES,A01A - ARMA DE FOGO,P,COMPANHEIRO,FEMINICIDIO,VIA PÚBLICA
575,2022-05-07T00:00:00,05:04:36,F,23,VIANA,NOVA BETHANIA,A01A - ARMA DE FOGO,P,COMPANHEIRO,FEMINICIDIO,VIA PÚBLICA
576,2022-06-07T00:00:00,11:45:41,F,29,BAIXO GUANDU,ROSARIO II,A01B - ARMA BRANCA,N,NÃO INFORMADO,HOMICÍDIO DOLOSO,VIA PÚBLICA
577,2022-07-19T00:00:00,05:49:23,F,28,VILA VELHA,JOCKEY DE ITAPARICA,A01B - ARMA BRANCA,B,NÃO INFORMADO,HOMICÍDIO DOLOSO,VIA PÚBLICA
578,2022-07-24T00:00:00,21:07:24,F,33,NOVA VENECIA,AEROPORTO,A01A - ARMA DE FOGO,P,COMPANHEIRO,FEMINICIDIO,RESIDÊNCIA
579,2022-07-25T00:00:00,09:25:52,F,42,SOORETAMA,CENTRO,A01A - ARMA DE FOGO,P,COMPANHEIRO,FEMINICIDIO,VIA PÚBLICA
580,2022-07-28T00:00:00,00:14:41,F,25,CARIACICA,FLEXAL I,A01B - ARMA BRANCA,P,NÃO INFORMADO,HOMICÍDIO DOLOSO,NÃO INFORMADO
581,2022-01-08T00:00:00,00:26:28,F,26,VITORIA,JUCUTUQUARA,A01B - ARMA BRANCA,P,NÃO INFORMADO,HOMICÍDIO DOLOSO,VIA PÚBLICA
582,2022-03-08T00:00:00,13:30:59,F,19,SERRA,SAO DIOGO I,A01C - OUTROS MEIOS,P,NÃO INFORMADO,HOMICÍDIO DOLOSO,VIA PÚBLICA
583,2022-05-08T00:00:00,13:15:58,F,14,LINHARES,INTERLAGOS,A01B - ARMA BRANCA,P,EX-NAMORADO,FEMINICIDIO,VIA PÚBLICA
584,2022-10-08T00:00:00,15:58:01,F,68,VITORIA,SAO PEDRO,A01A - ARMA DE FOGO,B,EX-MARIDO,FEMINICIDIO,RESIDÊNCIA
585,2022-08-15T00:00:00,08:16:00,F,16,ITAGUACU,BARRO PRETO,A01C - OUTROS MEIOS,P,COMPANHEIRO,FEMINICIDIO,NÃO INFORMADO
586,2022-08-21T00:00:00,18:02:32,F,36,PANCAS,ZONA RURAL,A01B - ARMA BRANCA,P,COMPANHEIRO,FEMINICIDIO,RESIDÊNCIA
587,2022-08-26T00:00:00,16:19:00,F,1,BARRA DE SAO FRANCISCO,CACHOEIRINHA DE ITAUNA,A01C - OUTROS MEIOS,P,PAI,FEMINICIDIO,RESIDÊNCIA
588,2022-08-27T00:00:00,13:30:33,F,23,SERRA,CAMPINHO DA SERRA I,A01C - OUTROS MEIOS,P,NÃO INFORMADO,HOMICÍDIO DOLOSO,NÃO INFORMADO
589,2022-08-28T00:00:00,22:28:54,F,37,DOMINGOS MARTINS,CENTRO,A01A - ARMA DE FOGO,N,MARIDO,FEMINICIDIO,RESIDÊNCIA
590,2022-05-09T00:00:00,12:16:40,F,21,SAO GABRIEL DA PALHA,ASA BRANCA,A01C - OUTROS MEIOS,B,NÃO INFORMADO,HOMICÍDIO DOLOSO,RESIDÊNCIA
591,2022-05-09T00:00:00,21:29:00,F,37,SANTA TERESA,ZONA RURAL,A01B - ARMA BRANCA,B,NÃO INFORMADO,HOMICÍDIO DOLOSO,NÃO INFORMADO
592,2022-09-15T00:00:00,13:14:32,F,20,VILA VELHA,BARRA DO JUCU,A01B - ARMA BRANCA,B,NAMORADO,FEMINICIDIO,RESIDÊNCIA
593,2022-09-15T00:00:00,19:33:47,F,52,GUARAPARI,SETIBA,A01B - ARMA BRANCA,P,EX-MARIDO,FEMINICIDIO,VIA PÚBLICA
594,2022-09-18T00:00:00,08:58:25,F,35,IUNA,PERDIGAO,A01B - ARMA BRANCA,P,EX-MARIDO,FEMINICIDIO,VIA PÚBLICA
595,2022-09-21T00:00:00,06:32:58,F,44,SAO DOMINGOS DO NORTE,CAIXA D'AGUA,A01C - OUTROS MEIOS,B,NÃO INFORMADO,HOMICÍDIO DOLOSO,RESIDÊNCIA
596,2022-09-23T00:00:00,13:43:30,F,45,VITORIA,ILHA DAS CAIEIRAS,A01C - OUTROS MEIOS,P,MARIDO,FEMINICIDIO,RESIDÊNCIA
597,2022-04-10T00:00:00,08:50:00,F,34,VITORIA,DA PENHA,A01B - ARMA BRANCA,P,NÃO INFORMADO,HOMICÍDIO DOLOSO,VIA PÚBLICA
598,2022-09-10T00:00:00,07:44:00,F,31,VIANA,AREINHA,A01C - OUTROS MEIOS,P,MARIDO,FEMINICIDIO,VIA PÚBLICA
599,2022-10-27T00:00:00,19:28:58,F,38,VILA VELHA,JABURUNA,A01A - ARMA DE FOGO,B,NÃO INFORMADO,HOMICÍDIO DOLOSO,RESIDÊNCIA
600,2022-10-30T00:00:00,19:44:00,F,39,SAO GABRIEL DA PALHA,CORREGO SETE,A01C - OUTROS MEIOS,N,MARIDO,FEMINICIDIO,RESIDÊNCIA
601,2022-02-11T00:00:00,11:23:32,F,34,NOVA VENECIA,ALTOE,A01C - OUTROS MEIOS,B,NÃO INFORMADO,HOMICÍDIO DOLOSO,VIA PÚBLICA
602,2022-04-11T00:00:00,20:18:00,F,31,SERRA,CENTRO,A01B - ARMA BRANCA,P,NÃO INFORMADO,HOMICÍDIO DOLOSO,VIA PÚBLICA
603,2022-05-11T00:00:00,15:43:19,F,24,GUARAPARI,JACARANDA,A01B - ARMA BRANCA,B,NÃO INFORMADO,HOMICÍDIO DOLOSO,RESIDÊNCIA
604,2022-10-11T00:00:00,03:41:41,F,34,SERRA,MARINGA,A01B - ARMA BRANCA,P,NÃO INFORMADO,HOMICÍDIO DOLOSO,VIA PÚBLICA
605,2022-11-11T00:00:00,03:46:49,F,49,VILA VELHA,ILHA DOS AYRES,A01B - ARMA BRANCA,N,NÃO INFORMADO,HOMICÍDIO DOLOSO,VIA PÚBLICA
606,2022-11-16T00:00:00,18:36:53,F,24,SERRA,JARDIM BELA VISTA,A01B - ARMA BRANCA,N,NÃO INFORMADO,HOMICÍDIO DOLOSO,RESIDÊNCIA
607,2022-11-25T00:00:00,09:45:57,F,12,ARACRUZ,COQUEIRAL DE ARACRUZ,A01B - ARMA BRANCA,B,NÃO INFORMADO,HOMICÍDIO DOLOSO,ESCOLA
608,2022-11-25T00:00:00,09:45:57,F,45,ARACRUZ,COQUEIRAL DE ARACRUZ,A01B - ARMA BRANCA,P,NÃO INFORMADO,HOMICÍDIO DOLOSO,ESCOLA
609,2022-11-25T00:00:00,09:45:57,F,48,ARACRUZ,COQUEIRAL DE ARACRUZ,A01B - ARMA BRANCA,P,NÃO INFORMADO,HOMICÍDIO DOLOSO,ESCOLA
610,2022-11-25T00:00:00,16:20:02,F,36,ARACRUZ,COQUEIRAL DE ARACRUZ,A01B - ARMA BRANCA,B,NÃO INFORMADO,HOMICÍDIO DOLOSO,ESCOLA
611,2022-11-29T00:00:00,00:34:44,F,40,VILA VELHA,IBES,A01B - ARMA BRANCA,P,NÃO INFORMADO,HOMICÍDIO DOLOSO,VIA PÚBLICA
612,2022-11-30T00:00:00,19:43:29,F,31,SERRA,SERRA DOURADA I,A01B - ARMA BRANCA,B,NÃO INFORMADO,HOMICÍDIO DOLOSO,VIA PÚBLICA
613,2022-01-12T00:00:00,14:03:26,F,46,ALFREDO CHAVES,ZONA RURAL,A01A - ARMA DE FOGO,P,EX-COMPANHEIRO,FEMINICIDIO,NÃO INFORMADO
614,2022-02-12T00:00:00,09:11:31,F,17,SERRA,VISTA DA SERRA II,A01B - ARMA BRANCA,P,NÃO INFORMADO,HOMICÍDIO DOLOSO,RESIDÊNCIA
615,2022-08-12T00:00:00,23:27:30,F,67,JAGUARE,NOVO TEMPO,A01C - OUTROS MEIOS,P,NÃO INFORMADO,HOMICÍDIO DOLOSO,RESIDÊNCIA
616,2022-10-12T00:00:00,07:16:51,F,46,PINHEIROS,JUNDIA,A01A - ARMA DE FOGO,P,EX-COMPANHEIRO,FEMINICIDIO,RESIDÊNCIA
617,2022-10-12T00:00:00,11:53:43,F,17,CASTELO,ARACUI,A01C - OUTROS MEIOS,,PADRASTO,FEMINICIDIO,NÃO INFORMADO
618,2022-10-12T00:00:00,11:53:43,F,8,CASTELO,ARACUI,A01C - OUTROS MEIOS,,PADRASTO,FEMINICIDIO,NÃO INFORMADO
619,2022-10-12T00:00:00,11:53:43,F,40,CASTELO,ARACUI,A01C - OUTROS MEIOS,,COMPANHEIRO,FEMINICIDIO,NÃO INFORMADO
620,2022-12-12T00:00:00,01:52:59,F,26,CARIACICA,VILA PROGRESSO,A01B - ARMA BRANCA,P,NÃO INFORMADO,HOMICÍDIO DOLOSO,RESIDÊNCIA
621,2022-12-18T00:00:00,17:47:34,F,28,PIUMA,CEU AZUL,A01B - ARMA BRANCA,P,NÃO INFORMADO,HOMICÍDIO DOLOSO,VIA PÚBLICA
622,2022-12-26T00:00:00,11:35:54,F,37,SAO MATEUS,RES PARQUE WASHINGTON,A01B - ARMA BRANCA,P,NÃO INFORMADO,HOMICÍDIO DOLOSO,NÃO INFORMADO
623,2022-12-30T00:00:00,03:59:00,F,38,GUARAPARI,SANTA MONICA,A01A - ARMA DE FOGO,P,NÃO INFORMADO,HOMICÍDIO DOLOSO,VIA PÚBLICA
624,2023-01-01T00:00:00,20:45:54,F,,LINHARES,NOVA ESPERANCA,A01B - ARMA BRANCA,P,NÃO INFORMADO,HOMICÍDIO DOLOSO,ESTABELECIMENTO  COMERCIAL
625,2023-03-01T00:00:00,19:07:30,F,52,GUARAPARI,LAGOA FUNDA,A01A - ARMA DE FOGO,P,COMPANHEIRO,FEMINICIDIO,RESIDÊNCIA
626,2023-04-01T00:00:00,22:16:52,F,30,COLATINA,CENTRO,A01B - ARMA BRANCA,P,EX-COMPANHEIRO,FEMINICIDIO,RESIDÊNCIA
627,2023-08-01T00:00:00,03:37:26,F,17,SERRA,BAIRRO DAS LARANJEIRAS,A01B - ARMA BRANCA,P,NAMORADO,FEMINICIDIO,VIA PÚBLICA
628,2023-01-21T00:00:00,05:56:47,F,28,MANTENOPOLIS,SAO GERALDO,A01B - ARMA BRANCA,P,NÃO INFORMADO,HOMICÍDIO DOLOSO,RESIDÊNCIA
629,2023-01-25T00:00:00,11:47:12,F,27,ARACRUZ,SAO JOSE,A01A - ARMA DE FOGO,P,EX-MARIDO,FEMINICIDIO,ESTABELECIMENTO  COMERCIAL
630,2023-01-26T00:00:00,09:53:02,F,24,VILA VELHA,ARIBIRI,A01B - ARMA BRANCA,,NÃO INFORMADO,HOMICÍDIO DOLOSO,VIA PÚBLICA
631,2023-01-29T00:00:00,01:57:39,F,55,VILA VELHA,DIVINO ESPIRITO SANTO,A01B - ARMA BRANCA,P,NÃO INFORMADO,HOMICÍDIO DOLOSO,VIA PÚBLICA
632,2023-04-02T00:00:00,11:14:49,F,32,VITORIA,BAIRRO DA PENHA,A01C - OUTROS MEIOS,N,NÃO INFORMADO,HOMICÍDIO DOLOSO,VIA PÚBLICA
633,2023-06-02T00:00:00,13:54:08,F,,CASTELO,CENTRO,A01C - OUTROS MEIOS,P,COMPANHEIRO,FEMINICIDIO,RESIDÊNCIA
634,2023-12-02T00:00:00,20:48:16,F,52,CONCEICAO DA BARRA,ZONA RURAL,A01B - ARMA BRANCA,N,COMPANHEIRO,FEMINICIDIO,RESIDÊNCIA
635,2023-02-15T00:00:00,19:04:17,F,45,SERRA,CENTRAL CARAPINA,A01B - ARMA BRANCA,,NÃO INFORMADO,HOMICÍDIO DOLOSO,VIA PÚBLICA
636,2023-02-16T00:00:00,19:57:50,F,,VILA VELHA,BOA VISTA II,A01B - ARMA BRANCA,,NÃO INFORMADO,HOMICÍDIO DOLOSO,VIA PÚBLICA
637,2023-02-26T00:00:00,18:32:59,F,39,CARIACICA,RIO MARINHO,A01B - ARMA BRANCA,P,NÃO INFORMADO,HOMICÍDIO DOLOSO,VIA PÚBLICA
638,2023-02-26T00:00:00,09:45:37,F,48,SERRA,BALNEARIO DE CARAPEBUS,A01A - ARMA DE FOGO,P,NÃO INFORMADO,HOMICÍDIO DOLOSO,ESTABELECIMENTO  COMERCIAL
639,2023-02-27T00:00:00,13:22:05,F,,MIMOSO DO SUL,ZONA RURAL,A01C - OUTROS MEIOS,P,MARIDO,FEMINICIDIO,VIA PÚBLICA
640,2023-04-03T00:00:00,03:36:03,F,37,DOMINGOS MARTINS,SANTA TEREZINHA,A01B - ARMA BRANCA,P,NÃO INFORMADO,HOMICÍDIO DOLOSO,RESIDÊNCIA
641,2023-07-03T00:00:00,02:44:09,F,51,VILA VELHA,NOVO MEXICO,A01A - ARMA DE FOGO,,NÃO INFORMADO,HOMICÍDIO DOLOSO,VIA PÚBLICA
642,2023-08-03T00:00:00,09:29:26,F,65,COLATINA,VICENTE SOELA,A01C - OUTROS MEIOS,P,NÃO INFORMADO,HOMICÍDIO DOLOSO,RESIDÊNCIA
643,2023-03-15T00:00:00,17:21:51,F,36,SERRA,FEU ROSA,A01A - ARMA DE FOGO,P,EX-COMPANHEIRO,FEMINICIDIO,RESIDÊNCIA
644,2023-03-15T00:00:00,08:03:44,F,,COLATINA,BELA VISTA,A01B - ARMA BRANCA,P,NÃO INFORMADO,HOMICÍDIO DOLOSO,RESIDÊNCIA
645,2023-03-19T00:00:00,08:09:40,F,31,SAO GABRIEL DA PALHA,SAO SEBASTIAO,A01A - ARMA DE FOGO,P,MARIDO,FEMINICIDIO,RESIDÊNCIA
646,2023-03-19T00:00:00,21:11:42,F,34,VILA VELHA,SAO TORQUATO,A01A - ARMA DE FOGO,P,MARIDO,FEMINICIDIO,RESIDÊNCIA
647,2023-03-19T00:00:00,09:38:03,F,48,ITAGUACU,BARRO PRETO,A01B - ARMA BRANCA,P,NÃO INFORMADO,HOMICÍDIO DOLOSO,VIA PÚBLICA
648,2023-03-26T00:00:00,20:10:31,F,17,SOORETAMA,SAYONARA,A01B - ARMA BRANCA,N,NÃO INFORMADO,HOMICÍDIO DOLOSO,RESIDÊNCIA
649,2023-09-04T00:00:00,00:06:55,F,41,IBITIRAMA,CENTRO,A01B - ARMA BRANCA,B,MARIDO,FEMINICIDIO,RESIDÊNCIA
650,2023-11-04T00:00:00,10:52:44,F,60,ECOPORANGA,AGUA BRANCA,A01C - OUTROS MEIOS,,NÃO INFORMADO,HOMICÍDIO DOLOSO,RESIDÊNCIA
651,2023-04-15T00:00:00,02:48:07,F,44,VITORIA,MARIA ORTIZ,A01A - ARMA DE FOGO,P,NÃO INFORMADO,HOMICÍDIO DOLOSO,RESIDÊNCIA
652,2023-04-19T00:00:00,21:30:29,F,27,COLATINA,SANTO ANTONIO,A01B - ARMA BRANCA,P,NÃO INFORMADO,HOMICÍDIO DOLOSO,VIA PÚBLICA
653,2023-04-21T00:00:00,05:54:38,F,22,VITORIA,SANTO ANTONIO,A01B - ARMA BRANCA,P,NÃO INFORMADO,HOMICÍDIO DOLOSO,VIA PÚBLICA
654,2023-04-30T00:00:00,01:17:44,F,53,BARRA DE SAO FRANCISCO,MONTE SENIR,A01A - ARMA DE FOGO,B,MARIDO,FEMINICIDIO,RESIDÊNCIA
655,2023-03-05T00:00:00,20:45:35,F,48,SOORETAMA,CENTRO,A01A - ARMA DE FOGO,,MARIDO,FEMINICIDIO,RESIDÊNCIA
656,2023-09-05T00:00:00,20:38:43,F,29,SOORETAMA,SALVADOR,A01B - ARMA BRANCA,,NÃO INFORMADO,HOMICÍDIO DOLOSO,RESIDÊNCIA
657,2023-10-05T00:00:00,15:45:04,F,27,MARATAIZES,CIDADE NOVA,A01B - ARMA BRANCA,B,EX-MARIDO,FEMINICIDIO,VIA PÚBLICA
658,2023-05-15T00:00:00,17:21:38,F,24,VITORIA,CENTRO,A01A - ARMA DE FOGO,B,MARIDO,FEMINICIDIO,RESIDÊNCIA
659,2023-05-15T00:00:00,19:48:12,F,35,CACHOEIRO DE ITAPEMIRIM,AMARAL,A01A - ARMA DE FOGO,,NÃO INFORMADO,HOMICÍDIO DOLOSO,VIA PÚBLICA
660,2023-04-06T00:00:00,21:15:40,F,35,BARRA DE SAO FRANCISCO,CORREGO DO TATU,A01B - ARMA BRANCA,B,NÃO INFORMADO,HOMICÍDIO DOLOSO,VIA PÚBLICA
661,2023-07-06T00:00:00,08:25:00,F,28,SAO DOMINGOS DO NORTE,NITEROI,A01A - ARMA DE FOGO,B,EX-COMPANHEIRO,FEMINICIDIO,RESIDÊNCIA
662,2023-06-13T00:00:00,22:06:42,F,48,ECOPORANGA,TEOFILO FIGUEIREDO,A01A - ARMA DE FOGO,P,MARIDO,FEMINICIDIO,RESIDÊNCIA
663,2023-06-16T00:00:00,13:58:06,F,32,CARIACICA,FLEXAL II,A01B - ARMA BRANCA,,NÃO INFORMADO,HOMICÍDIO DOLOSO,VIA PÚBLICA
664,2023-06-24T00:00:00,15:52:42,F,,PIUMA,APARECIDA,A01C - OUTROS MEIOS,N,NÃO INFORMADO,HOMICÍDIO DOLOSO,RESIDÊNCIA
665,2023-06-27T00:00:00,15:31:53,F,41,VILA VELHA,ULISSES GUIMARAES,A01C - OUTROS MEIOS,B,COMPANHEIRO,FEMINICIDIO,RESIDÊNCIA
666,2023-06-30T00:00:00,08:23:15,F,,ITAPEMIRIM,GRAUNA,A01B - ARMA BRANCA,N,NÃO INFORMADO,HOMICÍDIO DOLOSO,VIA PÚBLICA
667,2023-07-16T00:00:00,09:55:09,F,35,CARIACICA,VISTA MAR,A01C - OUTROS MEIOS,P,NÃO INFORMADO,HOMICÍDIO DOLOSO,RESIDÊNCIA
668,2023-07-27T00:00:00,17:17:34,F,40,PANCAS,VILA NOVA,A01A - ARMA DE FOGO,P,FILHA,FEMINICIDIO,RESIDÊNCIA
669,2023-07-28T00:00:00,17:08:18,F,25,VITORIA,ANDORINHAS,A01B - ARMA BRANCA,P,NÃO INFORMADO,HOMICÍDIO DOLOSO,VIA PÚBLICA
670,2023-07-30T00:00:00,21:54:24,F,,PEDRO CANARIO,CRISTAL DO NORTE,A01B - ARMA BRANCA,P,NÃO INFORMADO,HOMICÍDIO DOLOSO,VIA PÚBLICA
671,2023-05-08T00:00:00,12:23:37,F,70,SAO MATEUS,BOM SUCESSO,A01C - OUTROS MEIOS,P,COMPANHEIRO,FEMINICIDIO,RESIDÊNCIA
672,2023-12-08T00:00:00,01:34:30,F,41,SERRA,FEU ROSA,A01A - ARMA DE FOGO,P,MARIDO,FEMINICIDIO,RESIDÊNCIA
673,2023-08-13T00:00:00,19:00:25,F,41,SERRA,VISTA DA SERRA I,A01B - ARMA BRANCA,P,NÃO INFORMADO,HOMICÍDIO DOLOSO,RESIDÊNCIA
674,2023-08-15T00:00:00,22:48:38,F,51,SERRA,CAMPINHO DA SERRA I,A01B - ARMA BRANCA,B,NÃO INFORMADO,HOMICÍDIO DOLOSO,VIA PÚBLICA
675,2023-08-16T00:00:00,15:48:37,F,84,VITORIA,JARDIM CAMBURI,A01C - OUTROS MEIOS,B,FILHO,FEMINICIDIO,RESIDÊNCIA
676,2023-08-17T00:00:00,07:35:58,F,35,NOVA VENECIA,ZONA RURAL,A01A - ARMA DE FOGO,,MARIDO,FEMINICIDIO,RESIDÊNCIA
677,2023-08-27T00:00:00,07:59:00,F,48,JAGUARE,ZONA RURAL,A01C - OUTROS MEIOS,B,NÃO INFORMADO,HOMICÍDIO DOLOSO,VIA PÚBLICA
678,2023-08-31T00:00:00,20:55:34,F,26,VILA VALERIO,VILA NOVA,A01B - ARMA BRANCA,,NÃO INFORMADO,HOMICÍDIO DOLOSO,RESIDÊNCIA
679,2023-02-09T00:00:00,09:49:58,F,39,COLATINA,SAO VICENTE,A01C - OUTROS MEIOS,B,MARIDO,FEMINICIDIO,ESTABELECIMENTO  COMERCIAL
680,2023-06-09T00:00:00,08:45:10,F,59,CARIACICA,ALTO DA BOA VISTA,A01A - ARMA DE FOGO,P,NÃO INFORMADO,HOMICÍDIO DOLOSO,RESIDÊNCIA
681,2023-09-09T00:00:00,10:36:14,F,47,CACHOEIRO DE ITAPEMIRIM,TEIXEIRA LEITE,A01A - ARMA DE FOGO,P,MARIDO,FEMINICIDIO,RESIDÊNCIA
682,2023-09-09T00:00:00,20:50:10,F,48,LINHARES,PONTAL DO IPIRANGA,A01A - ARMA DE FOGO,P,MARIDO,FEMINICIDIO,RESIDÊNCIA
683,2023-09-13T00:00:00,07:41:08,F,,SERRA,PRAIA DE CARAPEBUS,A01C - OUTROS MEIOS,,NÃO INFORMADO,HOMICÍDIO DOLOSO,VIA PÚBLICA
684,2023-09-13T00:00:00,22:22:40,F,27,ATILIO VIVACQUA,NITEROI,A01B - ARMA BRANCA,P,NÃO INFORMADO,HOMICÍDIO DOLOSO,VIA PÚBLICA
685,2023-09-15T00:00:00,11:05:50,F,58,GUARAPARI,AEROPORTO,A01C - OUTROS MEIOS,P,NÃO INFORMADO,HOMICÍDIO DOLOSO,RESIDÊNCIA
686,2023-09-16T00:00:00,20:55:29,F,31,VIANA,ARACATIBA,A01A - ARMA DE FOGO,P,COMPANHEIRO,FEMINICIDIO,RESIDÊNCIA
687,2023-01-10T00:00:00,10:07:30,F,65,SAO ROQUE DO CANAA,CENTRO,A01A - ARMA DE FOGO,P,COMPANHEIRO,FEMINICIDIO,VIA PÚBLICA
688,2023-04-10T00:00:00,13:43:16,F,61,VITORIA,CENTRO,A01A - ARMA DE FOGO,P,COMPANHEIRO,FEMINICIDIO,RESIDÊNCIA
689,2023-05-10T00:00:00,02:49:50,F,23,SERRA,NOVA CARAPINA II,A01B - ARMA BRANCA,P,NÃO INFORMADO,HOMICÍDIO DOLOSO,RESIDÊNCIA
690,2023-06-10T00:00:00,20:17:58,F,43,VILA PAVAO,ZONA RURAL,A01B - ARMA BRANCA,P,NÃO INFORMADO,HOMICÍDIO DOLOSO,RESIDÊNCIA
691,2023-07-10T00:00:00,14:19:59,F,35,JAGUARE,FATIMA,A01B - ARMA BRANCA,,NÃO INFORMADO,HOMICÍDIO DOLOSO,VIA PÚBLICA
692,2023-08-10T00:00:00,02:42:10,F,,VITORIA,CRUZAMENTO,A01B - ARMA BRANCA,,NÃO INFORMADO,HOMICÍDIO DOLOSO,VIA PÚBLICA
693,2023-10-28T00:00:00,01:20:28,F,25,SERRA,DIVINOPOLIS,A01B - ARMA BRANCA,P,NÃO INFORMADO,HOMICÍDIO DOLOSO,VIA PÚBLICA
694,2023-10-30T00:00:00,05:38:27,F,44,CARIACICA,CACAROCA,A01B - ARMA BRANCA,N,NÃO INFORMADO,HOMICÍDIO DOLOSO,VIA PÚBLICA
695,2023-08-11T00:00:00,03:15:51,F,59,VITORIA,SAO PEDRO,A01A - ARMA DE FOGO,P,NÃO INFORMADO,HOMICÍDIO DOLOSO,RESIDÊNCIA
696,2023-10-11T00:00:00,18:57:10,F,17,VITORIA,CONQUISTA,A01B - ARMA BRANCA,P,NÃO INFORMADO,HOMICÍDIO DOLOSO,VIA PÚBLICA
697,2023-11-13T00:00:00,07:01:39,F,20,COLATINA,HONORIO FRAGA,A01C - OUTROS MEIOS,B,NAMORADO,FEMINICIDIO,RESIDÊNCIA
698,2023-11-19T00:00:00,23:52:28,F,,SAO MATEUS,CENTRO,A01A - ARMA DE FOGO,P,NÃO INFORMADO,HOMICÍDIO DOLOSO,VIA PÚBLICA
699,2023-11-27T00:00:00,17:20:11,F,,CACHOEIRO DE ITAPEMIRIM,VALAO,A01B - ARMA BRANCA,P,NÃO INFORMADO,HOMICÍDIO DOLOSO,VIA PÚBLICA
700,2023-11-29T00:00:00,12:38:40,F,69,SAO MATEUS,ITAUNINHAS,A01A - ARMA DE FOGO,P,MARIDO,FEMINICIDIO,RESIDÊNCIA
701,2023-11-30T00:00:00,02:06:18,F,,COLATINA,NOSSA SENHORA APARECIDA,A01B - ARMA BRANCA,B,NÃO INFORMADO,HOMICÍDIO DOLOSO,RESIDÊNCIA
702,2023-09-12T00:00:00,15:37:50,F,73,SERRA,JARDIM CARAPINA,A01A - ARMA DE FOGO,P,MARIDO,FEMINICIDIO,VIA PÚBLICA
703,2023-10-12T00:00:00,23:17:21,F,21,SERRA,BALNEARIO DE CARAPEBUS,A01B - ARMA BRANCA,,NÃO INFORMADO,HOMICÍDIO DOLOSO,VIA PÚBLICA
704,2023-12-13T00:00:00,09:57:42,F,28,SAO JOSE DO CALCADO,ZONA RURAL,A01B - ARMA BRANCA,P,NÃO INFORMADO,HOMICÍDIO DOLOSO,VIA PÚBLICA
705,2023-12-19T00:00:00,10:38:33,F,28,SAO MATEUS,SANTA MARIA,A01C - OUTROS MEIOS,N,NAMORADO,FEMINICIDIO,RESIDÊNCIA
706,2023-12-20T00:00:00,02:55:16,F,,VILA VELHA,COBILANDIA,A01A - ARMA DE FOGO,P,NÃO INFORMADO,HOMICÍDIO DOLOSO,VIA PÚBLICA
707,2023-12-22T00:00:00,21:56:14,F,21,LINHARES,INTERLAGOS,A01B - ARMA BRANCA,P,NÃO INFORMADO,HOMICÍDIO DOLOSO,VIA PÚBLICA
708,2023-12-23T00:00:00,14:24:42,F,26,ATILIO VIVACQUA,ALTO SAO JOSE,A01B - ARMA BRANCA,B,MARIDO,FEMINICIDIO,RESIDÊNCIA
709,2023-12-25T00:00:00,03:46:47,F,,BOM JESUS DO NORTE,SAO JOAO,A01C - OUTROS MEIOS,,NÃO INFORMADO,HOMICÍDIO DOLOSO,VIA PÚBLICA
710,2023-12-25T00:00:00,22:42:54,F,51,SOORETAMA,ALEGRE,A01B - ARMA BRANCA,B,NÃO INFORMADO,HOMICÍDIO DOLOSO,VIA PÚBLICA
711,2023-12-25T00:00:00,00:06:20,F,69,SAO MATEUS,CÓRREGO CEREJEIRA,A01B,B,MARIDO,FEMINICIDIO,RESIDÊNCIA
712,2024-07-01T00:00:00,17:35:56,F,49,GUARAPARI,JABARAI,A01B - ARMA BRANCA,Parda,COMPANHEIRO,FEMINICIDIO,Via Pública
713,2024-09-01T00:00:00,13:57:05,F,46,VILA VELHA,CIDADE DA BARRA,A01A - ARMA DE FOGO,Parda,NÃO INFORMADO,HOMICÍDIO DOLOSO,Via Pública
714,2024-11-01T00:00:00,12:09:34,F,30,ALFREDO CHAVES,ZONA RURAL,A01A - ARMA DE FOGO,Branca,EX-NAMORADO,FEMINICIDIO,Terreno Baldio / Construção / Mata
715,2024-01-14T00:00:00,15:02:02,F,54,LINHARES,PLANALTO,A01B - ARMA BRANCA,Parda,NÃO INFORMADO,HOMICÍDIO DOLOSO,Domicílio
716,2024-01-15T00:00:00,22:12:17,F,22,COLATINA,SAO PEDRO,A01A - ARMA DE FOGO,Parda,NÃO INFORMADO,HOMICÍDIO DOLOSO,Via Pública
717,2024-02-02T00:00:00,14:20:36,F,42,VILA VELHA,ITAPUA,A01A - ARMA DE FOGO,Branca,NÃO INFORMADO,HOMICÍDIO DOLOSO,Via Pública
718,2024-05-02T00:00:00,07:20:50,F,43,CARIACICA,SANTA PAULA,A01C - OUTROS MEIOS,Parda,NAMORADO,FEMINICIDIO,Domicílio
719,2024-08-02T00:00:00,15:16:35,F,24,VILA VELHA,ILHA DOS AYRES,A01A - ARMA DE FOGO,Parda,NÃO INFORMADO,HOMICÍDIO DOLOSO,Via Pública
720,2024-11-02T00:00:00,13:00:24,F,27,LARANJA DA TERRA,SOBREIRO,A01C - OUTROS MEIOS,Negra,COMPANHEIRO,FEMINICIDIO,Domicílio
721,2024-11-02T00:00:00,04:27:47,F,18,PEDRO CANARIO,CRISTAL DO NORTE,A01A - ARMA DE FOGO,Negra,NÃO INFORMADO,HOMICÍDIO DOLOSO,Domicílio
722,2024-02-20T00:00:00,07:36:46,F,53,JERONIMO MONTEIRO,VILA CRUZEIRO,A01B - ARMA BRANCA,Branca,COMPANHEIRO,FEMINICIDIO,Domicílio
723,2024-02-25T00:00:00,19:37:30,F,42,SERRA,CENTRO DA SERRA,A01B - ARMA BRANCA,Parda,COMPANHEIRO,FEMINICIDIO,Via Pública
724,2024-02-03T00:00:00,01:00:18,F,25,SERRA,PARQUE DAS GAIVOTAS,A01A - ARMA DE FOGO,Indeterminada,NÃO INFORMADO,HOMICÍDIO DOLOSO,Via Pública
725,2024-04-03T00:00:00,12:28:48,F,39,VILA VELHA,ATAIDE,A01A - ARMA DE FOGO,Negra,NÃO INFORMADO,HOMICÍDIO DOLOSO,Via Pública
726,2024-06-03T00:00:00,22:54:27,F,20,VILA VELHA,ATAIDE,A01A - ARMA DE FOGO,Parda,NÃO INFORMADO,HOMICÍDIO DOLOSO,Via Pública
727,2024-06-03T00:00:00,21:03:44,F,27,SAO MATEUS,NOVA AIMORES,A01A - ARMA DE FOGO,Parda,NÃO INFORMADO,HOMICÍDIO DOLOSO,Domicílio
728,2024-08-03T00:00:00,10:00:06,F,22,VILA VELHA,JOAO GOULART,A01C - OUTROS MEIOS,Branca,COMPANHEIRO,FEMINICIDIO,Domicílio
729,2024-10-03T00:00:00,22:36:57,F,21,VILA VELHA,RIVIERA DA BARRA,A01B - ARMA BRANCA,Parda,MARIDO,FEMINICIDIO,Via Pública
730,2024-03-14T00:00:00,20:51:35,F,34,ECOPORANGA,SANTA RITA,A01A - ARMA DE FOGO,Branca,NÃO INFORMADO,HOMICÍDIO DOLOSO,Domicílio
731,2024-03-17T00:00:00,22:23:47,F,29,LINHARES,SHELL,A01A - ARMA DE FOGO,Parda,NÃO INFORMADO,HOMICÍDIO DOLOSO,Domicílio
732,2024-03-29T00:00:00,15:02:03,F,25,VILA VELHA,ARIBIRI,A01A - ARMA DE FOGO,Parda,NÃO INFORMADO,HOMICÍDIO DOLOSO,Via Pública
733,2024-03-31T00:00:00,15:29:04,F,44,ARACRUZ,CACHOEIRINHA DO RIACHO,A01A - ARMA DE FOGO,Parda,NÃO INFORMADO,HOMICÍDIO DOLOSO,Via Pública
734,2024-06-04T00:00:00,12:14:34,F,18,GUARAPARI,SETIBA,A01A - ARMA DE FOGO,Negra,COMPANHEIRO,FEMINICIDIO,Terreno Baldio / Construção / Mata
735,2024-08-04T00:00:00,03:48:12,F,21,PINHEIROS,COLINA,A01A - ARMA DE FOGO,Parda,NÃO INFORMADO,HOMICÍDIO DOLOSO,Via Pública
736,2024-12-04T00:00:00,13:47:00,F,18,MARILANDIA,ZONA RURAL,A01C - OUTROS MEIOS,Branca,NÃO INFORMADO,HOMICÍDIO DOLOSO,Outros Locais
737,2024-04-23T00:00:00,13:41:55,F,70,AGUA DOCE DO NORTE,VILA NELITA,A01B - ARMA BRANCA,Negra,NÃO INFORMADO,HOMICÍDIO DOLOSO,Domicílio
738,2024-04-25T00:00:00,06:47:54,F,45,VILA VELHA,ARIBIRI,A01B - ARMA BRANCA,Branca,NÃO INFORMADO,HOMICÍDIO DOLOSO,Via Pública
739,2024-04-05T00:00:00,13:53:13,F,25,SERRA,NOSSA SENHORA DA CONCEICAO,A01C - OUTROS MEIOS,Negra,EX-COMPANHEIRO,FEMINICIDIO,Domicílio
740,2024-04-05T00:00:00,15:07:35,F,62,SERRA,ANDRE CARLONI,A01B - ARMA BRANCA,Negra,PARENTE,FEMINICIDIO,Domicílio
741,2024-11-05T00:00:00,15:07:51,F,37,BOA ESPERANCA,ZONA RURAL,A01C - OUTROS MEIOS,Parda,MARIDO,FEMINICIDIO,Domicílio
742,2024-11-05T00:00:00,10:28:41,F,32,JERONIMO MONTEIRO,VILA CRUZEIRO,A01B - ARMA BRANCA,Parda,MARIDO,FEMINICIDIO,Domicílio
743,2024-05-13T00:00:00,19:58:00,F,14,PEDRO CANARIO,CENTRO,A01A - ARMA DE FOGO,Parda,NÃO INFORMADO,HOMICÍDIO DOLOSO,Via Pública
744,2024-05-14T00:00:00,16:25:17,F,27,CARIACICA,ALTO LAJE,A01B - ARMA BRANCA,Parda,NÃO INFORMADO,HOMICÍDIO DOLOSO,Via Pública
745,2024-05-20T00:00:00,16:42:45,F,23,LINHARES,NOVA ESPERANCA,A01A - ARMA DE FOGO,Parda,NÃO INFORMADO,HOMICÍDIO DOLOSO,Via Pública
746,2024-05-21T00:00:00,02:05:17,F,39,COLATINA,BELA VISTA,A01A - ARMA DE FOGO,Parda,NÃO INFORMADO,HOMICÍDIO DOLOSO,Domicílio
747,2024-05-26T00:00:00,08:03:53,F,49,FUNDAO,TIMBUI,A01B - ARMA BRANCA,Parda,EX-MARIDO,FEMINICIDIO,Domicílio
748,2024-05-26T00:00:00,16:16:10,F,41,CARIACICA,SANTA CECILIA,A01B - ARMA BRANCA,Parda,COMPANHEIRO,FEMINICIDIO,Domicílio
749,2024-05-30T00:00:00,20:49:44,F,40,COLATINA,SAO MARCOS,A01A - ARMA DE FOGO,Negra,NÃO INFORMADO,HOMICÍDIO DOLOSO,Via Pública
750,2024-05-31T00:00:00,11:55:33,F,,PANCAS,ZONA RURAL,A01A - ARMA DE FOGO,Parda,NÃO INFORMADO,HOMICÍDIO DOLOSO,Curso D'água
751,2024-02-06T00:00:00,18:34:28,F,48,ECOPORANGA,TEOFILO FIGUEIREDO,A01B - ARMA BRANCA,Branca,MARIDO,FEMINICIDIO,Domicílio
752,2024-03-06T00:00:00,16:38:39,F,,VILA VELHA,NORMILIA,A01B - ARMA BRANCA,Negra,NAMORADO,FEMINICIDIO,Domicílio
753,2024-08-06T00:00:00,18:36:23,F,30,VITORIA,SANTOS DUMONT,A01B - ARMA BRANCA,Parda,PAI,FEMINICIDIO,Domicílio
754,2024-10-06T00:00:00,22:17:34,F,40,CASTELO,VOLTA REDONDA,A01A - ARMA DE FOGO,Branca,COMPANHEIRO,FEMINICIDIO,Domicílio
755,2024-10-06T00:00:00,08:56:09,F,20,IUNA,PEQUIA,A01A - ARMA DE FOGO,Branca,NÃO INFORMADO,HOMICÍDIO DOLOSO,Outros Locais
756,2024-06-18T00:00:00,19:42:41,F,6,CARIACICA,NOVO BRASIL,A01C - OUTROS MEIOS,Parda,PAI,FEMINICIDIO,Domicílio
757,2024-06-25T00:00:00,14:53:52,F,42,CARIACICA,JARDIM CAMPO GRANDE,A01A - ARMA DE FOGO,Parda,COMPANHEIRO,FEMINICIDIO,Via Pública
758,2024-03-07T00:00:00,02:48:28,F,34,VENDA NOVA DO IMIGRANTE,CAXIXE,A01B - ARMA BRANCA,Negra,COMPANHEIRO,FEMINICIDIO,Domicílio
759,2024-08-07T00:00:00,10:46:32,F,28,VENDA NOVA DO IMIGRANTE,CENTRO,A01B - ARMA BRANCA,Branca,EX-NAMORADO,FEMINICIDIO,Domicílio
760,2024-11-07T00:00:00,16:23:34,F,71,LINHARES,INTERLAGOS,A01B - ARMA BRANCA,Branca,FILHO,FEMINICIDIO,Domicílio
761,2024-07-15T00:00:00,17:14:16,F,34,SERRA,NOVA CARAPINA I,A01C - OUTROS MEIOS,Branca,NÃO INFORMADO,HOMICÍDIO DOLOSO,Domicílio
762,2024-07-17T00:00:00,00:17:09,F,30,MANTENOPOLIS,CENTRO,A01A - ARMA DE FOGO,Branca,NÃO INFORMADO,HOMICÍDIO DOLOSO,Estabelecimento Comercial
763,2024-07-18T00:00:00,12:41:28,F,42,SAO MATEUS,BOM SUCESSO,A01C - OUTROS MEIOS,Parda,EX-COMPANHEIRO,FEMINICIDIO,Domicílio
764,2024-07-19T00:00:00,17:17:27,F,,ARACRUZ,BARRA DO RIACHO,A01A - ARMA DE FOGO,Parda,NÃO INFORMADO,HOMICÍDIO DOLOSO,Lago / Lagoa / Represa
765,2024-07-21T00:00:00,17:01:11,F,35,ARACRUZ,FATIMA,A01A - ARMA DE FOGO,Parda,EX-COMPANHEIRO,FEMINICIDIO,Via Pública
766,2024-07-21T00:00:00,15:59:48,F,32,VILA VELHA,DOM JOÃO BATISTA,A01A - ARMA DE FOGO,Parda,NÃO INFORMADO,HOMICÍDIO DOLOSO,Via Pública
767,2024-07-22T00:00:00,07:33:30,F,0,BARRA DE SAO FRANCISCO,VILA VICENTE,A01C - OUTROS MEIOS,Branca,NÃO INFORMADO,HOMICÍDIO DOLOSO,Domicílio
768,2024-07-27T00:00:00,16:34:54,F,,ITARANA,BARRA DO JATIBOCA,A01C - OUTROS MEIOS,Indeterminada,NÃO INFORMADO,HOMICÍDIO DOLOSO,Terreno Baldio / Construção / Mata
769,2024-07-30T00:00:00,05:54:01,F,33,SAO ROQUE DO CANAA,SAO DAMACIO,A01A - ARMA DE FOGO,Parda,MARIDO,FEMINICIDIO,Domicílio
770,2024-10-08T00:00:00,14:39:37,F,54,SERRA,FEU ROSA,A01B - ARMA BRANCA,Parda,CONHECIDO,FEMINICIDIO,Domicílio
771,2024-12-08T00:00:00,13:22:17,F,59,LINHARES,AVISO,A01A - ARMA DE FOGO,Parda,NÃO INFORMADO,HOMICÍDIO DOLOSO,Estabelecimento Comercial
772,2024-08-14T00:00:00,09:13:16,F,57,SERRA,SAO GERALDO,A01A - ARMA DE FOGO,Parda,NÃO INFORMADO,HOMICÍDIO DOLOSO,Domicílio
773,2024-08-16T00:00:00,20:05:08,F,29,VILA VELHA,RIVIERA DA BARRA,A01A - ARMA DE FOGO,Negra,NÃO INFORMADO,HOMICÍDIO DOLOSO,Via Pública
774,2024-08-29T00:00:00,22:28:00,F,62,COLATINA,OLIVIO ZANOTELI,A01A - ARMA DE FOGO,Parda,NÃO INFORMADO,HOMICÍDIO DOLOSO,Domicílio
775,2024-08-29T00:00:00,22:28:00,F,23,COLATINA,OLIVIO ZANOTELI,A01A - ARMA DE FOGO,Parda,NÃO INFORMADO,HOMICÍDIO DOLOSO,Domicílio
776,2024-08-09T00:00:00,09:53:40,F,21,CACHOEIRO DE ITAPEMIRIM,RUBEM BRAGA,A01A - ARMA DE FOGO,Negra,COMPANHEIRO,FEMINICIDIO,Domicílio
777,2024-08-09T00:00:00,16:58:52,F,26,PRESIDENTE KENNEDY,CENTRO,A01A - ARMA DE FOGO,Negra,NÃO INFORMADO,HOMICÍDIO DOLOSO,Domicílio
778,2024-09-09T00:00:00,17:26:05,F,14,PINHEIROS,SÃO JOÃO DO SOBRADO,A01C - OUTROS MEIOS,Negra,NÃO INFORMADO,HOMICÍDIO DOLOSO,Terreno Baldio / Construção / Mata
779,2024-09-13T00:00:00,21:39:19,F,56,CACHOEIRO DE ITAPEMIRIM,RUBEM BRAGA,A01A - ARMA DE FOGO,Parda,NÃO INFORMADO,HOMICÍDIO DOLOSO,Templos Religiosos
780,2024-09-15T00:00:00,18:24:23,F,33,SAO GABRIEL DA PALHA,SANTA HELENA,A01A - ARMA DE FOGO,Parda,NÃO INFORMADO,HOMICÍDIO DOLOSO,Domicílio
781,2024-09-15T00:00:00,08:58:43,F,23,MARECHAL FLORIANO,CENTRO,A01B - ARMA BRANCA,Parda,EX-MARIDO,FEMINICIDIO,Via Pública
782,2024-09-21T00:00:00,05:52:50,F,,IBIRACU,SAO CRISTOVAO,A01A - ARMA DE FOGO,Parda,NÃO INFORMADO,HOMICÍDIO DOLOSO,Estabelecimento Comercial
783,2024-09-22T00:00:00,16:55:13,F,0,SERRA,RESIDENCIAL JACARAIPE,A01C - OUTROS MEIOS,Parda,NÃO INFORMADO,HOMICÍDIO DOLOSO,Domicílio
784,2024-09-25T00:00:00,00:04:57,F,26,SERRA,FEU ROSA,A01B - ARMA BRANCA,Parda,NÃO INFORMADO,HOMICÍDIO DOLOSO,Domicílio
785,2024-09-28T00:00:00,23:26:48,F,30,VILA VALERIO,SÃO JORGE DA BARRA SECA,A01A - ARMA DE FOGO,Parda,NÃO INFORMADO,HOMICÍDIO DOLOSO,Domicílio
786,2024-07-10T00:00:00,21:00:49,F,29,AFONSO CLAUDIO,ZONA RURAL,A01C - OUTROS MEIOS,Branca,COMPANHEIRO,FEMINICIDIO,Domicílio
787,2024-07-10T00:00:00,14:15:29,F,16,CARIACICA,FLEXAL I,A01A - ARMA DE FOGO,Branca,NÃO INFORMADO,HOMICÍDIO DOLOSO,Via Pública
788,2024-12-10T00:00:00,03:32:19,F,36,LINHARES,AVISO,A01A - ARMA DE FOGO,Negra,NÃO INFORMADO,HOMICÍDIO DOLOSO,Via Pública
789,2024-10-13T00:00:00,21:46:58,F,,VILA VELHA,SANTOS DUMONT,A01A - ARMA DE FOGO,Branca,NÃO INFORMADO,HOMICÍDIO DOLOSO,Via Pública
790,2024-10-16T00:00:00,18:24:44,F,22,JAGUARE,PALMITO,A01B - ARMA BRANCA,Parda,COMPANHEIRO,FEMINICIDIO,Via Pública
791,2024-10-22T00:00:00,09:12:09,F,34,LINHARES,BEBEDOURO,A01A - ARMA DE FOGO,Parda,NÃO INFORMADO,HOMICÍDIO DOLOSO,Domicílio
792,2024-10-22T00:00:00,04:45:00,F,49,SAO DOMINGOS DO NORTE,CAIXA DAGUA,A01A - ARMA DE FOGO,Parda,NÃO INFORMADO,HOMICÍDIO DOLOSO,Domicílio
793,2024-10-29T00:00:00,07:01:55,F,44,COLATINA,OLIVIO ZANOTELI,A01A - ARMA DE FOGO,Parda,EX-COMPANHEIRO,FEMINICIDIO,Via Pública
794,2024-09-11T00:00:00,21:27:21,F,29,MONTANHA,ANGELA DEPOLLO,A01B - ARMA BRANCA,Parda,MARIDO,FEMINICIDIO,Domicílio
795,2024-09-11T00:00:00,11:03:33,F,59,SANTA MARIA DE JETIBA,SAO BENTO DO GARRAFAO,A01B - ARMA BRANCA,Parda,MARIDO,FEMINICIDIO,Domicílio
796,2024-11-19T00:00:00,08:16:20,F,36,SERRA,HELIO FERRAZ,A01A - ARMA DE FOGO,Parda,CUNHADO,FEMINICIDIO,Estabelecimento Comercial
797,2024-11-22T00:00:00,09:06:40,F,23,MARATAIZES,LAGOA DO SIRI,A01B - ARMA BRANCA,Parda,NÃO INFORMADO,HOMICÍDIO DOLOSO,Lago / Lagoa / Represa
798,2024-11-23T00:00:00,02:50:14,F,31,SERRA,NOVA ALMEIDA CENTRO,A01A - ARMA DE FOGO,Parda,NÃO INFORMADO,HOMICÍDIO DOLOSO,Estabelecimento Comercial
799,2024-11-23T00:00:00,02:50:14,F,31,SERRA,NOVA ALMEIDA CENTRO,A01A - ARMA DE FOGO,Parda,NÃO INFORMADO,HOMICÍDIO DOLOSO,Estabelecimento Comercial
800,2024-11-29T00:00:00,19:22:32,F,47,IBATIBA,BOA ESPERANÇA,A01A - ARMA DE FOGO,Parda,COMPANHEIRO,FEMINICIDIO,Via Pública
801,2024-08-12T00:00:00,19:31:59,F,45,BAIXO GUANDU,MAUA,A01B - ARMA BRANCA,Parda,NÃO INFORMADO,HOMICÍDIO DOLOSO,Via Pública
802,2024-12-14T00:00:00,20:13:52,F,,CACHOEIRO DE ITAPEMIRIM,CENTRO,A01B - ARMA BRANCA,Parda,NÃO INFORMADO,HOMICÍDIO DOLOSO,Via Pública
803,2024-12-15T00:00:00,00:51:40,F,,CARIACICA,NOVA CANAA,A01A - ARMA DE FOGO,Indeterminada,NÃO INFORMADO,HOMICÍDIO DOLOSO,Terreno Baldio / Construção / Mata
804,2024-12-29T00:00:00,20:26:45,F,35,GUARAPARI,BELA VISTA,A01A - ARMA DE FOGO,Parda,EX-MARIDO,FEMINICIDIO,Domicílio
